GAS LISTING /tmp/ccYqyADg.s 			page 1


   1              		.file	"kved.c"
   2              		.text
   3              	.Ltext0:
   4              		.file 0 "/home/funera1/repo/kved" "kved.c"
   5              		.section	.text.nv_sector_stats_erase,"ax",@progbits
   7              	nv_sector_stats_erase:
   8              	.LVL0:
   9              	.LFB37:
  10              		.file 1 "kved.c"
   1:kved.c        **** /*
   2:kved.c        **** kved (key/value embedded database), a simple key/value database 
   3:kved.c        **** implementation for microcontrollers.
   4:kved.c        **** 
   5:kved.c        **** Copyright (c) 2022 Marcelo Barros de Almeida <marcelobarrosalmeida@gmail.com>
   6:kved.c        **** */
   7:kved.c        **** 
   8:kved.c        **** /**
   9:kved.c        **** @file
  10:kved.c        **** */
  11:kved.c        **** 
  12:kved.c        **** #include <stdint.h>
  13:kved.c        **** #include <stdbool.h>
  14:kved.c        **** #include <string.h>
  15:kved.c        **** #include <stdio.h>
  16:kved.c        **** #include <ctype.h>
  17:kved.c        **** 
  18:kved.c        **** #include "kved.h"
  19:kved.c        **** #include "kved_cpu.h"
  20:kved.c        **** #include "kved_flash.h"
  21:kved.c        **** 
  22:kved.c        **** // must match @ref kved_data_t
  23:kved.c        **** /** @private */
  24:kved.c        **** const uint8_t kved_data_type_size[] = 
  25:kved.c        **** { 
  26:kved.c        **** 	1,
  27:kved.c        **** 	1,
  28:kved.c        **** 	2,
  29:kved.c        **** 	2,
  30:kved.c        **** 	2,
  31:kved.c        **** 	2,
  32:kved.c        **** 	4,
  33:kved.c        **** 	KVED_MAX_STRING_SIZE,
  34:kved.c        **** #if KVED_FLASH_WORD_SIZE == 8	
  35:kved.c        **** 	8,
  36:kved.c        **** 	8,
  37:kved.c        **** 	8,
  38:kved.c        **** #endif
  39:kved.c        **** };
  40:kved.c        **** 
  41:kved.c        **** /** @private */
  42:kved.c        **** typedef struct kved_sector_stat_s
  43:kved.c        **** {
  44:kved.c        **** 	uint16_t num_free_entries;    /**< @private */
  45:kved.c        **** 	uint16_t num_deleted_entries; /**< @private */
  46:kved.c        **** 	uint16_t num_used_entries;    /**< @private */
  47:kved.c        **** 	uint16_t num_total_entries;   /**< @private */
  48:kved.c        **** } kved_sector_stat_t;
GAS LISTING /tmp/ccYqyADg.s 			page 2


  49:kved.c        **** 
  50:kved.c        **** /** @private */
  51:kved.c        **** typedef struct kved_ctrl_s
  52:kved.c        **** {
  53:kved.c        **** 	uint16_t first_index;       /**< @private */
  54:kved.c        **** 	uint16_t first_free_index;  /**< @private */
  55:kved.c        **** 	uint16_t last_index;        /**< @private */
  56:kved.c        **** 	kved_sector_stat_t stats;   /**< @private */
  57:kved.c        **** 	kved_flash_sector_t sector; /**< @private */
  58:kved.c        **** } kved_ctrl_t;
  59:kved.c        **** 
  60:kved.c        **** static kved_ctrl_t ctrl = { 0 };
  61:kved.c        **** static volatile bool started = false;
  62:kved.c        **** 
  63:kved.c        **** static void nv_sector_stats_erase(kved_sector_stat_t *stats)
  64:kved.c        **** {
  11              		.loc 1 64 1 view -0
  12              		.cfi_startproc
  65:kved.c        **** 	stats->num_deleted_entries = 0;
  13              		.loc 1 65 2 view .LVU1
  14              		.loc 1 65 29 is_stmt 0 view .LVU2
  15 0000 66C74702 		movw	$0, 2(%rdi)
  15      0000
  66:kved.c        **** 	stats->num_free_entries = 0;
  16              		.loc 1 66 2 is_stmt 1 view .LVU3
  17              		.loc 1 66 26 is_stmt 0 view .LVU4
  18 0006 66C70700 		movw	$0, (%rdi)
  18      00
  67:kved.c        **** 	stats->num_total_entries = 0;
  19              		.loc 1 67 2 is_stmt 1 view .LVU5
  20              		.loc 1 67 27 is_stmt 0 view .LVU6
  21 000b 66C74706 		movw	$0, 6(%rdi)
  21      0000
  68:kved.c        **** 	stats->num_used_entries = 0;
  22              		.loc 1 68 2 is_stmt 1 view .LVU7
  23              		.loc 1 68 26 is_stmt 0 view .LVU8
  24 0011 66C74704 		movw	$0, 4(%rdi)
  24      0000
  69:kved.c        **** }
  25              		.loc 1 69 1 view .LVU9
  26 0017 C3       		ret
  27              		.cfi_endproc
  28              	.LFE37:
  30              		.section	.text.kved_is_valid_key,"ax",@progbits
  32              	kved_is_valid_key:
  33              	.LVL1:
  34              	.LFB44:
  70:kved.c        **** 
  71:kved.c        **** #ifdef KVED_DEBUG
  72:kved.c        **** const uint8_t *kved_data_type_label[] = 
  73:kved.c        **** { 
  74:kved.c        **** 	(uint8_t *)"U8",
  75:kved.c        **** 	(uint8_t *)"I8",
  76:kved.c        **** 	(uint8_t *)"U16",
  77:kved.c        **** 	(uint8_t *)"I16",
  78:kved.c        **** 	(uint8_t *)"U32",
  79:kved.c        **** 	(uint8_t *)"I32",
GAS LISTING /tmp/ccYqyADg.s 			page 3


  80:kved.c        **** 	(uint8_t *)"FLT",
  81:kved.c        **** 	(uint8_t *)"STR",
  82:kved.c        **** #if KVED_FLASH_WORD_SIZE == 8	
  83:kved.c        **** 	(uint8_t *)"U64",
  84:kved.c        **** 	(uint8_t *)"I64",
  85:kved.c        **** 	(uint8_t *)"DBL",
  86:kved.c        **** #endif
  87:kved.c        **** };
  88:kved.c        **** 
  89:kved.c        **** static void kved_print(kved_word_t val)
  90:kved.c        **** {
  91:kved.c        **** 	uint8_t *p = (uint8_t *) &val;
  92:kved.c        **** 
  93:kved.c        **** 	p += KVED_FLASH_WORD_SIZE - 1;
  94:kved.c        **** 	for(uint8_t n = 0 ; n < sizeof(kved_word_t) ; n++, p--)
  95:kved.c        **** 		printf("%02X",*p);
  96:kved.c        **** }
  97:kved.c        **** 
  98:kved.c        **** static void kved_print_ascii(kved_word_t val, size_t size, bool reverse)
  99:kved.c        **** {
 100:kved.c        **** 	uint8_t *p = (uint8_t *) &val;
 101:kved.c        **** 
 102:kved.c        **** 	if(reverse)
 103:kved.c        **** 		p += size - 1;
 104:kved.c        **** 
 105:kved.c        **** 	for(uint8_t n = 0 ; n < size ; n++)
 106:kved.c        **** 	{
 107:kved.c        **** 		if(isprint(*p))
 108:kved.c        **** 		{
 109:kved.c        **** 			printf("%c",*p);
 110:kved.c        **** 		}
 111:kved.c        **** 		else
 112:kved.c        **** 		{
 113:kved.c        **** 			printf(".");
 114:kved.c        **** 		}
 115:kved.c        **** 
 116:kved.c        **** 		if(reverse)
 117:kved.c        **** 			p--;
 118:kved.c        **** 		else
 119:kved.c        **** 			p++;
 120:kved.c        **** 	}
 121:kved.c        **** }
 122:kved.c        **** 
 123:kved.c        **** static void kved_internal_dump(kved_ctrl_t *ctrl)
 124:kved.c        **** {
 125:kved.c        **** 	bool first_free_printed = false;
 126:kved.c        **** 	kved_word_t hdr = kved_flash_data_read(ctrl->sector,0);
 127:kved.c        **** 	kved_word_t cnt = kved_flash_data_read(ctrl->sector,1);
 128:kved.c        **** 
 129:kved.c        **** #if KVED_FLASH_WORD_SIZE == 8
 130:kved.c        **** 	printf("HDR (SEC %c)     SIGNATURE        COUNTER\r\n",(ctrl->sector == 0 ? 'A' : 'B'));
 131:kved.c        **** #else
 132:kved.c        **** 	printf("HDR (SEC %c)     SIGNAT.  COUNTER\r\n",(ctrl->sector == 0 ? 'A' : 'B'));
 133:kved.c        **** #endif	
 134:kved.c        **** 	
 135:kved.c        **** 	printf("ITEM IDX TYP SZ ");
 136:kved.c        **** 	kved_print(hdr);
GAS LISTING /tmp/ccYqyADg.s 			page 4


 137:kved.c        **** 	printf(" ");
 138:kved.c        **** 	kved_print(cnt);
 139:kved.c        **** 	printf("\r\n");
 140:kved.c        **** 
 141:kved.c        **** 	for(uint16_t index = ctrl->first_index ; index <= ctrl->last_index && !first_free_printed; index +
 142:kved.c        **** 	{
 143:kved.c        **** 		kved_word_t key = kved_flash_data_read(ctrl->sector,index);
 144:kved.c        **** 		kved_word_t val = kved_flash_data_read(ctrl->sector,index + 1);
 145:kved.c        **** 
 146:kved.c        **** 		if(key == KVED_DELETED_ENTRY)
 147:kved.c        **** 		{
 148:kved.c        **** 			printf("DEL  ");
 149:kved.c        **** 		}
 150:kved.c        **** 		else if(key == KVED_FREE_ENTRY)
 151:kved.c        **** 		{
 152:kved.c        **** 			if(val == KVED_FREE_ENTRY)
 153:kved.c        **** 			{
 154:kved.c        **** 				printf("FREE ");
 155:kved.c        **** 				first_free_printed = true;
 156:kved.c        **** 			}
 157:kved.c        **** 			else
 158:kved.c        **** 			{
 159:kved.c        **** 				printf("ERR1 ");
 160:kved.c        **** 			}
 161:kved.c        **** 		}
 162:kved.c        **** 		else
 163:kved.c        **** 		{
 164:kved.c        **** 			printf("USED ");
 165:kved.c        **** 		}
 166:kved.c        **** 
 167:kved.c        **** 		uint8_t size = KVED_HDR_MASK_SIZE(key);
 168:kved.c        **** 		uint8_t type = KVED_HDR_MASK_TYPE(key);
 169:kved.c        **** 
 170:kved.c        **** 		if((val == KVED_FREE_ENTRY) || (key == KVED_DELETED_ENTRY))
 171:kved.c        **** 		{
 172:kved.c        **** 			printf("%03d        ",index);
 173:kved.c        **** 		}
 174:kved.c        **** 		else
 175:kved.c        **** 		{
 176:kved.c        **** 			printf("%03d %3s %02d ",index,(char *)kved_data_type_label[type],size);
 177:kved.c        **** 		}
 178:kved.c        **** 		kved_print(key);
 179:kved.c        **** 		printf(" ");
 180:kved.c        **** 		kved_print(val);
 181:kved.c        **** 		printf(" ");
 182:kved.c        **** 		kved_print_ascii(key,KVED_FLASH_WORD_SIZE,true);
 183:kved.c        **** 		printf(" ");
 184:kved.c        **** 		kved_print_ascii(val,KVED_FLASH_WORD_SIZE,type == KVED_DATA_TYPE_STRING ? false : true);
 185:kved.c        **** 		printf("\r\n");
 186:kved.c        **** 	}
 187:kved.c        **** 
 188:kved.c        **** 	printf("TOTAL %d USED %d DELETED %d FREE %d\r\n\r\n",
 189:kved.c        **** 			ctrl->stats.num_total_entries,
 190:kved.c        **** 			ctrl->stats.num_used_entries,
 191:kved.c        **** 			ctrl->stats.num_deleted_entries,
 192:kved.c        **** 			ctrl->stats.num_free_entries);
 193:kved.c        **** }
GAS LISTING /tmp/ccYqyADg.s 			page 5


 194:kved.c        **** #else
 195:kved.c        **** static void kved_internal_dump(kved_ctrl_t *ctrl)
 196:kved.c        **** {
 197:kved.c        **** }
 198:kved.c        **** #endif
 199:kved.c        **** 
 200:kved.c        **** static void kved_sector_stats_read(kved_ctrl_t *ctrl)
 201:kved.c        **** {
 202:kved.c        **** 	// [0,NV_HDR_SIZE] ARE NOT VALID AS ENTRY INDEXES, THEY ARE RESERVED FOR HEADER
 203:kved.c        **** 	ctrl->first_index = KVED_HDR_SIZE_IN_WORDS;
 204:kved.c        **** 	ctrl->last_index = (kved_flash_sector_size()/KVED_FLASH_WORD_SIZE) - KVED_HDR_SIZE_IN_WORDS;
 205:kved.c        **** 	ctrl->first_free_index = 0;
 206:kved.c        **** 
 207:kved.c        **** 	nv_sector_stats_erase(&ctrl->stats);
 208:kved.c        **** 
 209:kved.c        **** 	for(uint16_t index = ctrl->first_index ; index <= ctrl->last_index ; index += KVED_ENTRY_SIZE_IN_W
 210:kved.c        **** 	{
 211:kved.c        **** 		kved_word_t key = kved_flash_data_read(ctrl->sector,index);
 212:kved.c        **** 
 213:kved.c        **** 		if(key == KVED_DELETED_ENTRY)
 214:kved.c        **** 		{
 215:kved.c        **** 			ctrl->stats.num_deleted_entries++;
 216:kved.c        **** 		}
 217:kved.c        **** 		else if(key == KVED_FREE_ENTRY)
 218:kved.c        **** 		{
 219:kved.c        **** 			ctrl->stats.num_free_entries++;
 220:kved.c        **** 
 221:kved.c        **** 			if(ctrl->first_free_index == 0)
 222:kved.c        **** 				ctrl->first_free_index = index;
 223:kved.c        **** 		}
 224:kved.c        **** 		else
 225:kved.c        **** 		{
 226:kved.c        **** 			ctrl->stats.num_used_entries++;
 227:kved.c        **** 		}
 228:kved.c        **** 
 229:kved.c        **** 		ctrl->stats.num_total_entries++;
 230:kved.c        **** 	}
 231:kved.c        **** }
 232:kved.c        **** 
 233:kved.c        **** void kved_key_decode(kved_data_t *data, kved_word_t key)
 234:kved.c        **** {
 235:kved.c        **** 	data->type = KVED_HDR_MASK_TYPE(key);
 236:kved.c        **** 
 237:kved.c        **** 	uint8_t *pkey = (uint8_t *) &key;
 238:kved.c        **** 	pkey += KVED_MAX_KEY_SIZE;
 239:kved.c        **** 
 240:kved.c        **** 	for(size_t p = 0 ; p < KVED_MAX_KEY_SIZE ; p++)
 241:kved.c        **** 		data->key[p] = *pkey--;
 242:kved.c        **** }
 243:kved.c        **** 
 244:kved.c        **** kved_word_t kved_key_encode(kved_data_t *data)
 245:kved.c        **** {
 246:kved.c        **** 	uint8_t *str_key = data->key;
 247:kved.c        **** 	uint8_t key[KVED_MAX_KEY_SIZE];
 248:kved.c        **** 
 249:kved.c        **** 	strncpy((char *)key,(char *)data->key,KVED_MAX_KEY_SIZE);
 250:kved.c        **** 
GAS LISTING /tmp/ccYqyADg.s 			page 6


 251:kved.c        **** 	uint8_t size = data->type == KVED_DATA_TYPE_STRING ? strnlen((char *)str_key,KVED_MAX_KEY_SIZE) : 
 252:kved.c        **** 	uint8_t hdr = (data->type << 4) | size;
 253:kved.c        **** 
 254:kved.c        **** 	kved_word_t encoded_key = 0;
 255:kved.c        **** 	uint8_t *pkey = (uint8_t *) &encoded_key;
 256:kved.c        **** 	pkey += KVED_MAX_KEY_SIZE;
 257:kved.c        **** 
 258:kved.c        **** 	for(size_t p = 0 ; p < KVED_MAX_KEY_SIZE ; p++)
 259:kved.c        **** 		*pkey-- = key[p];
 260:kved.c        **** 	
 261:kved.c        **** 	*pkey = hdr;
 262:kved.c        **** 
 263:kved.c        **** 	return encoded_key;
 264:kved.c        **** }
 265:kved.c        **** 
 266:kved.c        **** static bool kved_is_valid_key(kved_word_t key)
 267:kved.c        **** {
  35              		.loc 1 267 1 is_stmt 1 view -0
  36              		.cfi_startproc
 268:kved.c        **** 	key = KVED_HDR_MASK_KEY(key);
  37              		.loc 1 268 2 view .LVU11
  38              		.loc 1 268 6 is_stmt 0 view .LVU12
  39 0000 40B700   		movb	$0, %dil
  40              	.LVL2:
 269:kved.c        **** 
 270:kved.c        **** 	return (key == KVED_HDR_MASK_KEY(KVED_SIGNATURE_ENTRY)) ||
  41              		.loc 1 270 2 is_stmt 1 view .LVU13
  42              		.loc 1 270 14 is_stmt 0 view .LVU14
  43 0003 48B800BE 		movabsq	$-2401053088876216832, %rax
  43      ADDEEFBE 
  43      ADDE
  44 000d 4839C7   		cmpq	%rax, %rdi
  45 0010 0F95C2   		setne	%dl
 271:kved.c        **** 		   (key == KVED_HDR_MASK_KEY(KVED_DELETED_ENTRY)) ||
  46              		.loc 1 271 11 view .LVU15
  47 0013 4885FF   		testq	%rdi, %rdi
  48 0016 0F95C0   		setne	%al
 272:kved.c        **** 		   (key == KVED_HDR_MASK_KEY(KVED_FREE_ENTRY)) ? false : true;
  49              		.loc 1 272 58 view .LVU16
  50 0019 84C2     		testb	%al, %dl
  51 001b 7417     		je	.L4
  52              		.loc 1 272 58 discriminator 1 view .LVU17
  53 001d 4881FF00 		cmpq	$-256, %rdi
  53      FFFFFF
  54 0024 7407     		je	.L6
  55              		.loc 1 272 58 view .LVU18
  56 0026 B8010000 		movl	$1, %eax
  56      00
  57 002b EB0C     		jmp	.L3
  58              	.L6:
  59 002d B8000000 		movl	$0, %eax
  59      00
  60 0032 EB05     		jmp	.L3
  61              	.L4:
  62 0034 B8000000 		movl	$0, %eax
  62      00
  63              	.L3:
GAS LISTING /tmp/ccYqyADg.s 			page 7


  64              		.loc 1 272 58 discriminator 6 view .LVU19
  65 0039 83E001   		andl	$1, %eax
 273:kved.c        **** }
  66              		.loc 1 273 1 discriminator 6 view .LVU20
  67 003c C3       		ret
  68              		.cfi_endproc
  69              	.LFE44:
  71              		.section	.text.kved_value_encode,"ax",@progbits
  73              	kved_value_encode:
  74              	.LVL3:
  75              	.LFB46:
 274:kved.c        **** 
 275:kved.c        **** static uint16_t kved_key_index_find(kved_word_t key)
 276:kved.c        **** {
 277:kved.c        **** 	uint16_t key_index = KVED_INDEX_NOT_FOUND;
 278:kved.c        **** 
 279:kved.c        **** 	key = KVED_HDR_MASK_KEY(key);
 280:kved.c        **** 
 281:kved.c        **** 	for(uint16_t index = ctrl.first_index ; index <= ctrl.last_index ; index += KVED_ENTRY_SIZE_IN_WOR
 282:kved.c        **** 	{
 283:kved.c        **** 		kved_word_t key_entry = kved_flash_data_read(ctrl.sector,index);
 284:kved.c        **** 		key_entry = KVED_HDR_MASK_KEY(key_entry);
 285:kved.c        **** 
 286:kved.c        **** 		if(key == key_entry)
 287:kved.c        **** 		{
 288:kved.c        **** 			key_index = index;
 289:kved.c        **** 			break;
 290:kved.c        **** 		}
 291:kved.c        **** 	}
 292:kved.c        **** 
 293:kved.c        **** 	return key_index;
 294:kved.c        **** }
 295:kved.c        **** 
 296:kved.c        **** static kved_word_t kved_value_encode(kved_data_t *data)
 297:kved.c        **** {
  76              		.loc 1 297 1 is_stmt 1 view -0
  77              		.cfi_startproc
 298:kved.c        **** #if KVED_FLASH_WORD_SIZE == 8	
 299:kved.c        **** 	return data->value.u64;
  78              		.loc 1 299 2 view .LVU22
  79              		.loc 1 299 20 is_stmt 0 view .LVU23
  80 0000 488B07   		movq	(%rdi), %rax
 300:kved.c        **** #else
 301:kved.c        **** 	return data->value.u32;
 302:kved.c        **** #endif	
 303:kved.c        **** }
  81              		.loc 1 303 1 view .LVU24
  82 0003 C3       		ret
  83              		.cfi_endproc
  84              	.LFE46:
  86              		.section	.text.kved_value_decode,"ax",@progbits
  88              	kved_value_decode:
  89              	.LVL4:
  90              	.LFB47:
 304:kved.c        **** 
 305:kved.c        **** static void kved_value_decode(kved_data_t *data, kved_word_t value)
 306:kved.c        **** {
GAS LISTING /tmp/ccYqyADg.s 			page 8


  91              		.loc 1 306 1 is_stmt 1 view -0
  92              		.cfi_startproc
 307:kved.c        **** #if KVED_FLASH_WORD_SIZE == 8		
 308:kved.c        **** 	data->value.u64 = value;
  93              		.loc 1 308 2 view .LVU26
  94              		.loc 1 308 18 is_stmt 0 view .LVU27
  95 0000 488937   		movq	%rsi, (%rdi)
 309:kved.c        **** #else
 310:kved.c        **** 	data->value.u32 = value;
 311:kved.c        **** #endif
 312:kved.c        **** }
  96              		.loc 1 312 1 view .LVU28
  97 0003 C3       		ret
  98              		.cfi_endproc
  99              	.LFE47:
 101              		.section	.text.kved_internal_free_entries_get,"ax",@progbits
 103              	kved_internal_free_entries_get:
 104              	.LFB57:
 313:kved.c        **** 
 314:kved.c        **** static void kved_sector_switch(kved_ctrl_t *ctrl, kved_word_t cnt, kved_word_t upd_key, kved_word_t
 315:kved.c        **** {
 316:kved.c        **** 	uint16_t next_index = KVED_HDR_SIZE_IN_WORDS;
 317:kved.c        **** 	uint16_t total_items = 0;
 318:kved.c        **** 	uint16_t used_items = 0;
 319:kved.c        **** 	kved_flash_sector_t next_sector = ctrl->sector == KVED_FLASH_SECTOR_A ? KVED_FLASH_SECTOR_B : KVED
 320:kved.c        **** 
 321:kved.c        **** 	kved_flash_sector_erase(next_sector);
 322:kved.c        **** 
 323:kved.c        **** 	upd_key = KVED_HDR_MASK_KEY(upd_key);
 324:kved.c        **** 
 325:kved.c        **** 	for(uint16_t index = ctrl->first_index ; index <= ctrl->last_index ; index += KVED_ENTRY_SIZE_IN_W
 326:kved.c        **** 	{
 327:kved.c        **** 		kved_word_t key = kved_flash_data_read(ctrl->sector,index);
 328:kved.c        **** 
 329:kved.c        **** 		if(kved_is_valid_key(key))
 330:kved.c        **** 		{
 331:kved.c        **** 			kved_word_t val = kved_flash_data_read(ctrl->sector,index + 1);
 332:kved.c        **** 
 333:kved.c        **** 			kved_flash_data_write(next_sector,next_index++,key);
 334:kved.c        **** 
 335:kved.c        **** 			if(KVED_HDR_MASK_KEY(key) == upd_key)
 336:kved.c        **** 				kved_flash_data_write(next_sector,next_index++,upd_value);
 337:kved.c        **** 			else
 338:kved.c        **** 				kved_flash_data_write(next_sector,next_index++,val);
 339:kved.c        **** 
 340:kved.c        **** 			used_items++;
 341:kved.c        **** 		}
 342:kved.c        **** 
 343:kved.c        **** 		total_items++;
 344:kved.c        **** 	}
 345:kved.c        **** 
 346:kved.c        **** 	kved_flash_sector_t last_sector = ctrl->sector;
 347:kved.c        **** 	ctrl->sector = next_sector;
 348:kved.c        **** 	ctrl->first_index = KVED_HDR_SIZE_IN_WORDS;
 349:kved.c        **** 	ctrl->last_index = (kved_flash_sector_size()/KVED_FLASH_WORD_SIZE) - KVED_HDR_SIZE_IN_WORDS;
 350:kved.c        **** 	ctrl->first_free_index = next_index;
 351:kved.c        **** 	ctrl->stats.num_deleted_entries = 0;
GAS LISTING /tmp/ccYqyADg.s 			page 9


 352:kved.c        **** 	ctrl->stats.num_total_entries = total_items;
 353:kved.c        **** 	ctrl->stats.num_used_entries = used_items;
 354:kved.c        **** 	ctrl->stats.num_free_entries = total_items - used_items;
 355:kved.c        **** 
 356:kved.c        **** 	// last value is not valid since it is equal to an erased flash entry
 357:kved.c        **** 	if((cnt + 1) == KVED_FLASH_UINT_MAX) // last value, avoiding some #if #def related to flash size
 358:kved.c        **** 		cnt = 0;
 359:kved.c        **** 	else
 360:kved.c        **** 		cnt++;
 361:kved.c        **** 
 362:kved.c        **** 	kved_flash_data_write(next_sector,1,cnt);
 363:kved.c        **** 	kved_flash_data_write(next_sector,0,KVED_SIGNATURE_ENTRY);
 364:kved.c        **** 
 365:kved.c        **** 	kved_flash_data_write(last_sector,0,0); // only invalidate header, it is faster
 366:kved.c        **** }
 367:kved.c        **** 
 368:kved.c        **** static bool kved_internal_data_write(kved_data_t *data)
 369:kved.c        **** {
 370:kved.c        **** 	bool sector_changed = false;
 371:kved.c        **** 
 372:kved.c        **** 	if(!started)
 373:kved.c        **** 		return false;
 374:kved.c        **** 
 375:kved.c        **** 	kved_word_t key = kved_key_encode(data);
 376:kved.c        **** 
 377:kved.c        **** 	if(!kved_is_valid_key(key))
 378:kved.c        **** 		return false;
 379:kved.c        **** 
 380:kved.c        **** 	uint16_t key_index = kved_key_index_find(key);
 381:kved.c        **** 	bool old_entry = key_index != KVED_INDEX_NOT_FOUND;
 382:kved.c        **** 
 383:kved.c        **** 	// check if the value has changed or not (for existing keys)
 384:kved.c        **** 	if(old_entry)
 385:kved.c        **** 	{
 386:kved.c        **** 		kved_word_t stored_value = kved_flash_data_read(ctrl.sector,key_index + 1);
 387:kved.c        **** 
 388:kved.c        **** 		if(stored_value == kved_value_encode(data))
 389:kved.c        **** 			return true;
 390:kved.c        **** 	}
 391:kved.c        **** 
 392:kved.c        **** 	// no space, exchanging sector do not solve this situation, you need more flash space !
 393:kved.c        **** 	if(ctrl.stats.num_total_entries == ctrl.stats.num_used_entries)
 394:kved.c        **** 		return false;
 395:kved.c        **** 
 396:kved.c        **** 	// ok, we have space but a clean up is required before. 
 397:kved.c        **** 	// Let's do a sector switch and leave the garbage behind.
 398:kved.c        **** 	// If we are writing using an existing entries it will
 399:kved.c        **** 	// be their valued updated during the process. 
 400:kved.c        **** 	if(ctrl.stats.num_free_entries == 0)
 401:kved.c        **** 	{
 402:kved.c        **** 		kved_word_t cnt = kved_flash_data_read(ctrl.sector,1);
 403:kved.c        **** 		kved_sector_switch(&ctrl,cnt,key,kved_value_encode(data));
 404:kved.c        **** 		sector_changed = true;
 405:kved.c        **** 	}
 406:kved.c        **** 
 407:kved.c        **** 	// AN existing entry is moved to the new sector using the new value already, not to do anymore.
 408:kved.c        **** 	// However we need to take care when a new entry is added or when we are updating an entry 
GAS LISTING /tmp/ccYqyADg.s 			page 10


 409:kved.c        **** 	// in the same sector. 
 410:kved.c        **** 	bool old_entry_updated_in_the_same_sector = (!sector_changed) && old_entry;
 411:kved.c        **** 
 412:kved.c        **** 	if(!old_entry || old_entry_updated_in_the_same_sector)
 413:kved.c        **** 	{
 414:kved.c        **** 		// first data, after key
 415:kved.c        **** 		kved_flash_data_write(ctrl.sector,ctrl.first_free_index + 1,kved_value_encode(data));
 416:kved.c        **** 		kved_flash_data_write(ctrl.sector,ctrl.first_free_index,key);
 417:kved.c        **** 
 418:kved.c        **** 		ctrl.stats.num_free_entries--;
 419:kved.c        **** 		ctrl.stats.num_used_entries++;
 420:kved.c        **** 		ctrl.first_free_index += KVED_ENTRY_SIZE_IN_WORDS;
 421:kved.c        **** 
 422:kved.c        **** 		// Existing data written in the same sector: erase the old entry
 423:kved.c        **** 		if(old_entry_updated_in_the_same_sector)
 424:kved.c        **** 		{
 425:kved.c        **** 			kved_flash_data_write(ctrl.sector,key_index,KVED_DELETED_ENTRY);
 426:kved.c        **** 
 427:kved.c        **** 			ctrl.stats.num_deleted_entries++;
 428:kved.c        **** 			ctrl.stats.num_used_entries--;
 429:kved.c        **** 		}
 430:kved.c        **** 	}
 431:kved.c        **** 
 432:kved.c        **** #ifdef KVED_DEBUG
 433:kved.c        **** 	kved_dump();
 434:kved.c        **** #endif	
 435:kved.c        **** 
 436:kved.c        **** 	return true;
 437:kved.c        **** }
 438:kved.c        **** 
 439:kved.c        **** bool kved_data_write(kved_data_t *data)
 440:kved.c        **** {
 441:kved.c        **** 	uint16_t result;
 442:kved.c        **** 
 443:kved.c        **** 	kved_cpu_critical_section_enter();
 444:kved.c        **** 	result = kved_internal_data_write(data);
 445:kved.c        **** 	kved_cpu_critical_section_leave();
 446:kved.c        **** 
 447:kved.c        **** 	return result;
 448:kved.c        **** }
 449:kved.c        **** 
 450:kved.c        **** static uint16_t kved_internal_first_used_index_get(void)
 451:kved.c        **** {
 452:kved.c        **** 	uint16_t first_index = KVED_INDEX_NOT_FOUND;
 453:kved.c        **** 
 454:kved.c        **** 	for(uint16_t index = ctrl.first_index ; index <= ctrl.last_index ; index += KVED_ENTRY_SIZE_IN_WOR
 455:kved.c        **** 	{
 456:kved.c        **** 		kved_word_t key = kved_flash_data_read(ctrl.sector,index);
 457:kved.c        **** 
 458:kved.c        **** 		if(kved_is_valid_key(key))
 459:kved.c        **** 		{
 460:kved.c        **** 			first_index = index;
 461:kved.c        **** 			break;
 462:kved.c        **** 		}
 463:kved.c        **** 	}
 464:kved.c        **** 
 465:kved.c        **** 	return first_index;
GAS LISTING /tmp/ccYqyADg.s 			page 11


 466:kved.c        **** }
 467:kved.c        **** 
 468:kved.c        **** uint16_t kved_first_used_index_get(void)
 469:kved.c        **** {
 470:kved.c        **** 	uint16_t result;
 471:kved.c        **** 
 472:kved.c        **** 	kved_cpu_critical_section_enter();
 473:kved.c        **** 	result = kved_internal_first_used_index_get();
 474:kved.c        **** 	kved_cpu_critical_section_leave();
 475:kved.c        **** 
 476:kved.c        **** 	return result;
 477:kved.c        **** }
 478:kved.c        **** 
 479:kved.c        **** static uint16_t kved_internal_next_used_index_get(uint16_t last_index)
 480:kved.c        **** {
 481:kved.c        **** 	uint16_t next_index = KVED_INDEX_NOT_FOUND;
 482:kved.c        **** 
 483:kved.c        **** 	for(uint16_t index = last_index + KVED_ENTRY_SIZE_IN_WORDS ; index <= ctrl.last_index ; index += K
 484:kved.c        **** 	{
 485:kved.c        **** 		kved_word_t key = kved_flash_data_read(ctrl.sector,index);
 486:kved.c        **** 
 487:kved.c        **** 		if(kved_is_valid_key(key))
 488:kved.c        **** 		{
 489:kved.c        **** 			next_index = index;
 490:kved.c        **** 			break;
 491:kved.c        **** 		}
 492:kved.c        **** 	}
 493:kved.c        **** 
 494:kved.c        **** 	return next_index;
 495:kved.c        **** }
 496:kved.c        **** 
 497:kved.c        **** uint16_t kved_next_used_index_get(uint16_t last_index)
 498:kved.c        **** {
 499:kved.c        **** 	uint16_t result;
 500:kved.c        **** 
 501:kved.c        **** 	kved_cpu_critical_section_enter();
 502:kved.c        **** 	result = kved_internal_next_used_index_get(last_index);
 503:kved.c        **** 	kved_cpu_critical_section_leave();
 504:kved.c        **** 
 505:kved.c        **** 	return result;
 506:kved.c        **** }
 507:kved.c        **** 
 508:kved.c        **** static bool kved_internal_data_read_by_index(uint16_t index, kved_data_t *data)
 509:kved.c        **** {
 510:kved.c        **** 	if((index < ctrl.first_index) || (index > ctrl.last_index))
 511:kved.c        **** 		return false;
 512:kved.c        **** 
 513:kved.c        **** 	kved_word_t key = kved_flash_data_read(ctrl.sector,index);
 514:kved.c        **** 
 515:kved.c        **** 	if(!kved_is_valid_key(key))
 516:kved.c        **** 		return false;
 517:kved.c        **** 
 518:kved.c        **** 	kved_word_t val = kved_flash_data_read(ctrl.sector,index + 1);
 519:kved.c        **** 	kved_value_decode(data,val);
 520:kved.c        **** 	kved_key_decode(data,key);
 521:kved.c        **** 
 522:kved.c        **** 	return true;
GAS LISTING /tmp/ccYqyADg.s 			page 12


 523:kved.c        **** }
 524:kved.c        **** 
 525:kved.c        **** bool kved_data_read_by_index(uint16_t index, kved_data_t *data)
 526:kved.c        **** {
 527:kved.c        **** 	uint16_t result;
 528:kved.c        **** 
 529:kved.c        **** 	kved_cpu_critical_section_enter();
 530:kved.c        **** 	result = kved_internal_data_read_by_index(index,data);
 531:kved.c        **** 	kved_cpu_critical_section_leave();
 532:kved.c        **** 
 533:kved.c        **** 	return result;
 534:kved.c        **** }
 535:kved.c        **** 
 536:kved.c        **** static uint16_t kved_internal_free_entries_get(void)
 537:kved.c        **** {
 105              		.loc 1 537 1 is_stmt 1 view -0
 106              		.cfi_startproc
 538:kved.c        **** 	if(!started)
 107              		.loc 1 538 2 view .LVU30
 108              		.loc 1 538 5 is_stmt 0 view .LVU31
 109 0000 0FB60500 		movzbl	started(%rip), %eax
 109      000000
 110              		.loc 1 538 4 view .LVU32
 111 0007 84C0     		testb	%al, %al
 112 0009 740F     		je	.L11
 539:kved.c        **** 		return 0;
 540:kved.c        **** 
 541:kved.c        **** 	uint16_t entries = ctrl.stats.num_total_entries - ctrl.stats.num_used_entries;
 113              		.loc 1 541 2 is_stmt 1 view .LVU33
 114              		.loc 1 541 11 is_stmt 0 view .LVU34
 115 000b 0FB70500 		movzwl	12+ctrl(%rip), %eax
 115      000000
 116 0012 662B0500 		subw	10+ctrl(%rip), %ax
 116      000000
 117              	.LVL5:
 542:kved.c        **** 
 543:kved.c        **** 	return entries;
 118              		.loc 1 543 2 is_stmt 1 view .LVU35
 119              		.loc 1 543 9 is_stmt 0 view .LVU36
 120 0019 C3       		ret
 121              	.LVL6:
 122              	.L11:
 539:kved.c        **** 		return 0;
 123              		.loc 1 539 10 view .LVU37
 124 001a B8000000 		movl	$0, %eax
 124      00
 544:kved.c        **** }
 125              		.loc 1 544 1 view .LVU38
 126 001f C3       		ret
 127              		.cfi_endproc
 128              	.LFE57:
 130              		.section	.text.kved_internal_total_entries_get,"ax",@progbits
 132              	kved_internal_total_entries_get:
 133              	.LFB59:
 545:kved.c        **** 
 546:kved.c        **** uint16_t kved_free_entries_get(void)
 547:kved.c        **** {
GAS LISTING /tmp/ccYqyADg.s 			page 13


 548:kved.c        **** 	uint16_t result;
 549:kved.c        **** 
 550:kved.c        **** 	kved_cpu_critical_section_enter();
 551:kved.c        **** 	result = kved_internal_free_entries_get();
 552:kved.c        **** 	kved_cpu_critical_section_leave();
 553:kved.c        **** 
 554:kved.c        **** 	return result;
 555:kved.c        **** }
 556:kved.c        **** 
 557:kved.c        **** static uint16_t kved_internal_total_entries_get(void)
 558:kved.c        **** {
 134              		.loc 1 558 1 is_stmt 1 view -0
 135              		.cfi_startproc
 559:kved.c        **** 	if(!started)
 136              		.loc 1 559 2 view .LVU40
 137              		.loc 1 559 5 is_stmt 0 view .LVU41
 138 0000 0FB60500 		movzbl	started(%rip), %eax
 138      000000
 139              		.loc 1 559 4 view .LVU42
 140 0007 84C0     		testb	%al, %al
 141 0009 7408     		je	.L14
 560:kved.c        **** 		return 0;
 561:kved.c        **** 
 562:kved.c        **** 	return ctrl.stats.num_total_entries;
 142              		.loc 1 562 2 is_stmt 1 view .LVU43
 143              		.loc 1 562 19 is_stmt 0 view .LVU44
 144 000b 0FB70500 		movzwl	12+ctrl(%rip), %eax
 144      000000
 145 0012 C3       		ret
 146              	.L14:
 560:kved.c        **** 		return 0;
 147              		.loc 1 560 10 view .LVU45
 148 0013 B8000000 		movl	$0, %eax
 148      00
 563:kved.c        **** }
 149              		.loc 1 563 1 view .LVU46
 150 0018 C3       		ret
 151              		.cfi_endproc
 152              	.LFE59:
 154              		.section	.text.kved_internal_used_entries_get,"ax",@progbits
 156              	kved_internal_used_entries_get:
 157              	.LFB61:
 564:kved.c        **** 
 565:kved.c        **** uint16_t kved_total_entries_get(void)
 566:kved.c        **** {
 567:kved.c        **** 	uint16_t result;
 568:kved.c        **** 
 569:kved.c        **** 	kved_cpu_critical_section_enter();
 570:kved.c        **** 	result = kved_internal_total_entries_get();
 571:kved.c        **** 	kved_cpu_critical_section_leave();
 572:kved.c        **** 
 573:kved.c        **** 	return result;
 574:kved.c        **** }
 575:kved.c        **** 
 576:kved.c        **** static uint16_t kved_internal_used_entries_get(void)
 577:kved.c        **** {
 158              		.loc 1 577 1 is_stmt 1 view -0
GAS LISTING /tmp/ccYqyADg.s 			page 14


 159              		.cfi_startproc
 578:kved.c        **** 	if(!started)
 160              		.loc 1 578 2 view .LVU48
 161              		.loc 1 578 5 is_stmt 0 view .LVU49
 162 0000 0FB60500 		movzbl	started(%rip), %eax
 162      000000
 163              		.loc 1 578 4 view .LVU50
 164 0007 84C0     		testb	%al, %al
 165 0009 7408     		je	.L17
 579:kved.c        **** 		return 0;
 580:kved.c        **** 
 581:kved.c        **** 	return ctrl.stats.num_used_entries;
 166              		.loc 1 581 2 is_stmt 1 view .LVU51
 167              		.loc 1 581 19 is_stmt 0 view .LVU52
 168 000b 0FB70500 		movzwl	10+ctrl(%rip), %eax
 168      000000
 169 0012 C3       		ret
 170              	.L17:
 579:kved.c        **** 		return 0;
 171              		.loc 1 579 10 view .LVU53
 172 0013 B8000000 		movl	$0, %eax
 172      00
 582:kved.c        **** }
 173              		.loc 1 582 1 view .LVU54
 174 0018 C3       		ret
 175              		.cfi_endproc
 176              	.LFE61:
 178              		.section	.text.kved_key_index_find,"ax",@progbits
 180              	kved_key_index_find:
 181              	.LVL7:
 182              	.LFB45:
 276:kved.c        **** 	uint16_t key_index = KVED_INDEX_NOT_FOUND;
 183              		.loc 1 276 1 is_stmt 1 view -0
 184              		.cfi_startproc
 276:kved.c        **** 	uint16_t key_index = KVED_INDEX_NOT_FOUND;
 185              		.loc 1 276 1 is_stmt 0 view .LVU56
 186 0000 55       		pushq	%rbp
 187              		.cfi_def_cfa_offset 16
 188              		.cfi_offset 6, -16
 189 0001 53       		pushq	%rbx
 190              		.cfi_def_cfa_offset 24
 191              		.cfi_offset 3, -24
 192 0002 4883EC08 		subq	$8, %rsp
 193              		.cfi_def_cfa_offset 32
 194 0006 4889FD   		movq	%rdi, %rbp
 277:kved.c        **** 
 195              		.loc 1 277 2 is_stmt 1 view .LVU57
 196              	.LVL8:
 279:kved.c        **** 
 197              		.loc 1 279 2 view .LVU58
 281:kved.c        **** 	{
 198              		.loc 1 281 2 view .LVU59
 199              	.LBB47:
 281:kved.c        **** 	{
 200              		.loc 1 281 6 view .LVU60
 281:kved.c        **** 	{
 201              		.loc 1 281 15 is_stmt 0 view .LVU61
GAS LISTING /tmp/ccYqyADg.s 			page 15


 202 0009 0FB71D00 		movzwl	ctrl(%rip), %ebx
 202      000000
 203              	.LVL9:
 281:kved.c        **** 	{
 204              		.loc 1 281 2 view .LVU62
 205 0010 EB03     		jmp	.L19
 206              	.LVL10:
 207              	.L24:
 281:kved.c        **** 	{
 208              		.loc 1 281 75 is_stmt 1 discriminator 2 view .LVU63
 209 0012 83C302   		addl	$2, %ebx
 210              	.LVL11:
 211              	.L19:
 281:kved.c        **** 	{
 212              		.loc 1 281 48 discriminator 1 view .LVU64
 213 0015 66391D00 		cmpw	%bx, 4+ctrl(%rip)
 213      000000
 214 001c 721B     		jb	.L23
 215              	.LBB48:
 283:kved.c        **** 		key_entry = KVED_HDR_MASK_KEY(key_entry);
 216              		.loc 1 283 3 view .LVU65
 283:kved.c        **** 		key_entry = KVED_HDR_MASK_KEY(key_entry);
 217              		.loc 1 283 27 is_stmt 0 view .LVU66
 218 001e 0FB7F3   		movzwl	%bx, %esi
 219 0021 8B3D0000 		movl	16+ctrl(%rip), %edi
 219      0000
 220 0027 E8000000 		call	kved_flash_data_read@PLT
 220      00
 221              	.LVL12:
 284:kved.c        **** 
 222              		.loc 1 284 3 is_stmt 1 view .LVU67
 286:kved.c        **** 		{
 223              		.loc 1 286 3 view .LVU68
 286:kved.c        **** 		{
 224              		.loc 1 286 5 is_stmt 0 view .LVU69
 225 002c 4831E8   		xorq	%rbp, %rax
 226              	.LVL13:
 286:kved.c        **** 		{
 227              		.loc 1 286 5 view .LVU70
 228 002f 48A900FF 		testq	$-256, %rax
 228      FFFF
 229 0035 75DB     		jne	.L24
 230 0037 EB05     		jmp	.L18
 231              	.L23:
 286:kved.c        **** 		{
 232              		.loc 1 286 5 view .LVU71
 233              	.LBE48:
 234              	.LBE47:
 277:kved.c        **** 
 235              		.loc 1 277 11 view .LVU72
 236 0039 BB000000 		movl	$0, %ebx
 236      00
 237              	.LVL14:
 293:kved.c        **** }
 238              		.loc 1 293 2 is_stmt 1 view .LVU73
 239              	.L18:
 294:kved.c        **** 
GAS LISTING /tmp/ccYqyADg.s 			page 16


 240              		.loc 1 294 1 is_stmt 0 view .LVU74
 241 003e 89D8     		movl	%ebx, %eax
 242 0040 4883C408 		addq	$8, %rsp
 243              		.cfi_def_cfa_offset 24
 244 0044 5B       		popq	%rbx
 245              		.cfi_def_cfa_offset 16
 246 0045 5D       		popq	%rbp
 247              		.cfi_def_cfa_offset 8
 248              	.LVL15:
 294:kved.c        **** 
 249              		.loc 1 294 1 view .LVU75
 250 0046 C3       		ret
 251              		.cfi_endproc
 252              	.LFE45:
 254              		.section	.text.kved_internal_first_used_index_get,"ax",@progbits
 256              	kved_internal_first_used_index_get:
 257              	.LFB51:
 451:kved.c        **** 	uint16_t first_index = KVED_INDEX_NOT_FOUND;
 258              		.loc 1 451 1 is_stmt 1 view -0
 259              		.cfi_startproc
 260 0000 53       		pushq	%rbx
 261              		.cfi_def_cfa_offset 16
 262              		.cfi_offset 3, -16
 452:kved.c        **** 
 263              		.loc 1 452 2 view .LVU77
 264              	.LVL16:
 454:kved.c        **** 	{
 265              		.loc 1 454 2 view .LVU78
 266              	.LBB49:
 454:kved.c        **** 	{
 267              		.loc 1 454 6 view .LVU79
 454:kved.c        **** 	{
 268              		.loc 1 454 15 is_stmt 0 view .LVU80
 269 0001 0FB71D00 		movzwl	ctrl(%rip), %ebx
 269      000000
 270              	.LVL17:
 454:kved.c        **** 	{
 271              		.loc 1 454 2 view .LVU81
 272 0008 EB03     		jmp	.L26
 273              	.LVL18:
 274              	.L31:
 454:kved.c        **** 	{
 275              		.loc 1 454 75 is_stmt 1 discriminator 2 view .LVU82
 276 000a 83C302   		addl	$2, %ebx
 277              	.LVL19:
 278              	.L26:
 454:kved.c        **** 	{
 279              		.loc 1 454 48 discriminator 1 view .LVU83
 280 000d 66391D00 		cmpw	%bx, 4+ctrl(%rip)
 280      000000
 281 0014 721C     		jb	.L30
 282              	.LBB50:
 456:kved.c        **** 
 283              		.loc 1 456 3 view .LVU84
 456:kved.c        **** 
 284              		.loc 1 456 21 is_stmt 0 view .LVU85
 285 0016 0FB7F3   		movzwl	%bx, %esi
GAS LISTING /tmp/ccYqyADg.s 			page 17


 286 0019 8B3D0000 		movl	16+ctrl(%rip), %edi
 286      0000
 287 001f E8000000 		call	kved_flash_data_read@PLT
 287      00
 288              	.LVL20:
 289 0024 4889C7   		movq	%rax, %rdi
 290              	.LVL21:
 458:kved.c        **** 		{
 291              		.loc 1 458 3 is_stmt 1 view .LVU86
 458:kved.c        **** 		{
 292              		.loc 1 458 6 is_stmt 0 view .LVU87
 293 0027 E8000000 		call	kved_is_valid_key
 293      00
 294              	.LVL22:
 458:kved.c        **** 		{
 295              		.loc 1 458 5 view .LVU88
 296 002c 84C0     		testb	%al, %al
 297 002e 74DA     		je	.L31
 298 0030 EB05     		jmp	.L25
 299              	.L30:
 458:kved.c        **** 		{
 300              		.loc 1 458 5 view .LVU89
 301              	.LBE50:
 302              	.LBE49:
 452:kved.c        **** 
 303              		.loc 1 452 11 view .LVU90
 304 0032 BB000000 		movl	$0, %ebx
 304      00
 305              	.LVL23:
 465:kved.c        **** }
 306              		.loc 1 465 2 is_stmt 1 view .LVU91
 307              	.L25:
 466:kved.c        **** 
 308              		.loc 1 466 1 is_stmt 0 view .LVU92
 309 0037 89D8     		movl	%ebx, %eax
 310 0039 5B       		popq	%rbx
 311              		.cfi_def_cfa_offset 8
 312 003a C3       		ret
 313              		.cfi_endproc
 314              	.LFE51:
 316              		.section	.text.kved_internal_next_used_index_get,"ax",@progbits
 318              	kved_internal_next_used_index_get:
 319              	.LVL24:
 320              	.LFB53:
 480:kved.c        **** 	uint16_t next_index = KVED_INDEX_NOT_FOUND;
 321              		.loc 1 480 1 is_stmt 1 view -0
 322              		.cfi_startproc
 480:kved.c        **** 	uint16_t next_index = KVED_INDEX_NOT_FOUND;
 323              		.loc 1 480 1 is_stmt 0 view .LVU94
 324 0000 53       		pushq	%rbx
 325              		.cfi_def_cfa_offset 16
 326              		.cfi_offset 3, -16
 481:kved.c        **** 
 327              		.loc 1 481 2 is_stmt 1 view .LVU95
 328              	.LVL25:
 483:kved.c        **** 	{
 329              		.loc 1 483 2 view .LVU96
GAS LISTING /tmp/ccYqyADg.s 			page 18


 330              	.LBB51:
 483:kved.c        **** 	{
 331              		.loc 1 483 6 view .LVU97
 483:kved.c        **** 	{
 332              		.loc 1 483 15 is_stmt 0 view .LVU98
 333 0001 8D5F02   		leal	2(%rdi), %ebx
 334              	.LVL26:
 483:kved.c        **** 	{
 335              		.loc 1 483 2 view .LVU99
 336 0004 EB03     		jmp	.L33
 337              	.LVL27:
 338              	.L38:
 483:kved.c        **** 	{
 339              		.loc 1 483 96 is_stmt 1 discriminator 2 view .LVU100
 340 0006 83C302   		addl	$2, %ebx
 341              	.LVL28:
 342              	.L33:
 483:kved.c        **** 	{
 343              		.loc 1 483 69 discriminator 1 view .LVU101
 344 0009 66391D00 		cmpw	%bx, 4+ctrl(%rip)
 344      000000
 345 0010 721C     		jb	.L37
 346              	.LBB52:
 485:kved.c        **** 
 347              		.loc 1 485 3 view .LVU102
 485:kved.c        **** 
 348              		.loc 1 485 21 is_stmt 0 view .LVU103
 349 0012 0FB7F3   		movzwl	%bx, %esi
 350 0015 8B3D0000 		movl	16+ctrl(%rip), %edi
 350      0000
 351 001b E8000000 		call	kved_flash_data_read@PLT
 351      00
 352              	.LVL29:
 353 0020 4889C7   		movq	%rax, %rdi
 354              	.LVL30:
 487:kved.c        **** 		{
 355              		.loc 1 487 3 is_stmt 1 view .LVU104
 487:kved.c        **** 		{
 356              		.loc 1 487 6 is_stmt 0 view .LVU105
 357 0023 E8000000 		call	kved_is_valid_key
 357      00
 358              	.LVL31:
 487:kved.c        **** 		{
 359              		.loc 1 487 5 view .LVU106
 360 0028 84C0     		testb	%al, %al
 361 002a 74DA     		je	.L38
 362 002c EB05     		jmp	.L32
 363              	.L37:
 487:kved.c        **** 		{
 364              		.loc 1 487 5 view .LVU107
 365              	.LBE52:
 366              	.LBE51:
 481:kved.c        **** 
 367              		.loc 1 481 11 view .LVU108
 368 002e BB000000 		movl	$0, %ebx
 368      00
 369              	.LVL32:
GAS LISTING /tmp/ccYqyADg.s 			page 19


 494:kved.c        **** }
 370              		.loc 1 494 2 is_stmt 1 view .LVU109
 371              	.L32:
 495:kved.c        **** 
 372              		.loc 1 495 1 is_stmt 0 view .LVU110
 373 0033 89D8     		movl	%ebx, %eax
 374 0035 5B       		popq	%rbx
 375              		.cfi_def_cfa_offset 8
 376 0036 C3       		ret
 377              		.cfi_endproc
 378              	.LFE53:
 380              		.section	.text.kved_sector_consistency_check,"ax",@progbits
 382              	kved_sector_consistency_check:
 383              	.LFB69:
 583:kved.c        **** 
 584:kved.c        **** uint16_t kved_used_entries_get(void)
 585:kved.c        **** {
 586:kved.c        **** 	uint16_t result;
 587:kved.c        **** 
 588:kved.c        **** 	kved_cpu_critical_section_enter();
 589:kved.c        **** 	result = kved_internal_used_entries_get();
 590:kved.c        **** 	kved_cpu_critical_section_leave();
 591:kved.c        **** 
 592:kved.c        **** 	return result;
 593:kved.c        **** }
 594:kved.c        **** 
 595:kved.c        **** static bool kved_internal_data_read(kved_data_t *data)
 596:kved.c        **** {
 597:kved.c        **** 	if(!started)
 598:kved.c        **** 		return false;
 599:kved.c        **** 
 600:kved.c        **** 	kved_word_t key = kved_key_encode(data);
 601:kved.c        **** 
 602:kved.c        **** 	if(!kved_is_valid_key(key))
 603:kved.c        **** 		return false;
 604:kved.c        **** 
 605:kved.c        **** 	uint16_t key_index = kved_key_index_find(key);
 606:kved.c        **** 
 607:kved.c        **** 	if(key_index == KVED_INDEX_NOT_FOUND)
 608:kved.c        **** 		return false;
 609:kved.c        **** 
 610:kved.c        **** 	 // update the type as user may not know about them before calling
 611:kved.c        **** 	data->type = KVED_HDR_MASK_TYPE(kved_flash_data_read(ctrl.sector,key_index));
 612:kved.c        **** 
 613:kved.c        **** 	 kved_word_t value = kved_flash_data_read(ctrl.sector,key_index+1);
 614:kved.c        **** 	 kved_value_decode(data,value);
 615:kved.c        **** 
 616:kved.c        **** 	return true;
 617:kved.c        **** }
 618:kved.c        **** 
 619:kved.c        **** bool kved_data_read(kved_data_t *data)
 620:kved.c        **** {
 621:kved.c        **** 	bool result;
 622:kved.c        **** 
 623:kved.c        **** 	kved_cpu_critical_section_enter();
 624:kved.c        **** 	result = kved_internal_data_read(data);
 625:kved.c        **** 	kved_cpu_critical_section_leave();
GAS LISTING /tmp/ccYqyADg.s 			page 20


 626:kved.c        **** 
 627:kved.c        **** 	return result;
 628:kved.c        **** }
 629:kved.c        **** 
 630:kved.c        **** static bool kved_internal_data_delete(kved_data_t *data)
 631:kved.c        **** {
 632:kved.c        **** 	if(!started)
 633:kved.c        **** 		return false;
 634:kved.c        **** 
 635:kved.c        **** 	kved_word_t key = kved_key_encode(data);
 636:kved.c        **** 
 637:kved.c        **** 	if(!kved_is_valid_key(key))
 638:kved.c        **** 		return false;
 639:kved.c        **** 
 640:kved.c        **** 	uint16_t key_index = kved_key_index_find(key);
 641:kved.c        **** 
 642:kved.c        **** 	if(key_index == KVED_INDEX_NOT_FOUND)
 643:kved.c        **** 		return false;
 644:kved.c        **** 
 645:kved.c        **** 	kved_flash_data_write(ctrl.sector,key_index,KVED_DELETED_ENTRY);
 646:kved.c        **** 
 647:kved.c        **** 	ctrl.stats.num_deleted_entries++;
 648:kved.c        **** 	ctrl.stats.num_used_entries--;
 649:kved.c        **** 
 650:kved.c        **** #ifdef KVED_DEBUG
 651:kved.c        **** 	kved_dump();
 652:kved.c        **** #endif	
 653:kved.c        **** 
 654:kved.c        **** 	return true;
 655:kved.c        **** }
 656:kved.c        **** 
 657:kved.c        **** bool kved_data_delete(kved_data_t *data)
 658:kved.c        **** {
 659:kved.c        **** 	bool result;
 660:kved.c        **** 
 661:kved.c        **** 	kved_cpu_critical_section_enter();
 662:kved.c        **** 	result = kved_internal_data_delete(data);
 663:kved.c        **** 	kved_cpu_critical_section_leave();
 664:kved.c        **** 
 665:kved.c        **** 	return result;
 666:kved.c        **** }
 667:kved.c        **** 
 668:kved.c        **** static void kved_internal_format(void)
 669:kved.c        **** {
 670:kved.c        **** 	// erase data and control
 671:kved.c        **** 	kved_flash_sector_erase(KVED_FLASH_SECTOR_A);
 672:kved.c        **** 	kved_flash_sector_erase(KVED_FLASH_SECTOR_B);
 673:kved.c        **** 	memset(&ctrl,0,sizeof(ctrl));
 674:kved.c        **** 
 675:kved.c        **** 	// setup sector as first sector and update stats.
 676:kved.c        **** 	// Consistency is not required in such situation.
 677:kved.c        **** 	ctrl.sector  = KVED_FLASH_SECTOR_A;
 678:kved.c        **** 	kved_flash_data_write(ctrl.sector,1,0);// first cnt, after ID
 679:kved.c        **** 	kved_flash_data_write(ctrl.sector,0,KVED_SIGNATURE_ENTRY);
 680:kved.c        **** 
 681:kved.c        **** 	kved_sector_stats_read(&ctrl);
 682:kved.c        **** }
GAS LISTING /tmp/ccYqyADg.s 			page 21


 683:kved.c        **** 
 684:kved.c        **** void kved_format(void)
 685:kved.c        **** {
 686:kved.c        **** 	kved_cpu_critical_section_enter();
 687:kved.c        **** 	kved_internal_format();
 688:kved.c        **** 	kved_cpu_critical_section_leave();
 689:kved.c        **** }
 690:kved.c        **** 
 691:kved.c        **** static void kved_sector_consistency_check(void)
 692:kved.c        **** {
 384              		.loc 1 692 1 is_stmt 1 view -0
 385              		.cfi_startproc
 386 0000 4154     		pushq	%r12
 387              		.cfi_def_cfa_offset 16
 388              		.cfi_offset 12, -16
 389 0002 55       		pushq	%rbp
 390              		.cfi_def_cfa_offset 24
 391              		.cfi_offset 6, -24
 392 0003 53       		pushq	%rbx
 393              		.cfi_def_cfa_offset 32
 394              		.cfi_offset 3, -32
 693:kved.c        **** 	bool invalidate_a = false;
 395              		.loc 1 693 2 view .LVU112
 396              	.LVL33:
 694:kved.c        **** 	bool invalidate_b = false;
 397              		.loc 1 694 2 view .LVU113
 695:kved.c        **** 
 696:kved.c        **** 	kved_word_t id_sec_a = kved_flash_data_read(KVED_FLASH_SECTOR_A,0);
 398              		.loc 1 696 2 view .LVU114
 399              		.loc 1 696 25 is_stmt 0 view .LVU115
 400 0004 BE000000 		movl	$0, %esi
 400      00
 401 0009 BF000000 		movl	$0, %edi
 401      00
 402 000e E8000000 		call	kved_flash_data_read@PLT
 402      00
 403              	.LVL34:
 404 0013 4889C3   		movq	%rax, %rbx
 405              	.LVL35:
 697:kved.c        **** 	kved_word_t id_sec_b = kved_flash_data_read(KVED_FLASH_SECTOR_B,0);
 406              		.loc 1 697 2 is_stmt 1 view .LVU116
 407              		.loc 1 697 25 is_stmt 0 view .LVU117
 408 0016 BE000000 		movl	$0, %esi
 408      00
 409 001b BF010000 		movl	$1, %edi
 409      00
 410 0020 E8000000 		call	kved_flash_data_read@PLT
 410      00
 411              	.LVL36:
 412              		.loc 1 697 25 view .LVU118
 413 0025 4889C1   		movq	%rax, %rcx
 414              	.LVL37:
 698:kved.c        **** 
 699:kved.c        **** 	// Two valid signatures: as the signature is the latest item to be written into the sector
 700:kved.c        **** 	// when a formatting or copy operation is performed, probably a restart event happened just 
 701:kved.c        **** 	// after data copying and, in this case, the section with the
 702:kved.c        **** 	// newest cnt will win and the other can be erase as the copy was done.
GAS LISTING /tmp/ccYqyADg.s 			page 22


 703:kved.c        **** 	// (remember: last value (0xFF..FF) is not valid as it is the same value of a erased word
 704:kved.c        **** 	if((id_sec_a == KVED_SIGNATURE_ENTRY) && (id_sec_b == KVED_SIGNATURE_ENTRY))
 415              		.loc 1 704 2 is_stmt 1 view .LVU119
 416              		.loc 1 704 15 is_stmt 0 view .LVU120
 417 0028 48B8EFBE 		movabsq	$-2401053088876216593, %rax
 417      ADDEEFBE 
 417      ADDE
 418              	.LVL38:
 419              		.loc 1 704 15 view .LVU121
 420 0032 4839C3   		cmpq	%rax, %rbx
 421 0035 0F94C2   		sete	%dl
 422              		.loc 1 704 53 view .LVU122
 423 0038 4839C1   		cmpq	%rax, %rcx
 424 003b 0F94C0   		sete	%al
 425              		.loc 1 704 4 view .LVU123
 426 003e 89D3     		movl	%edx, %ebx
 427              	.LVL39:
 428              		.loc 1 704 4 view .LVU124
 429 0040 20C3     		andb	%al, %bl
 430 0042 7505     		jne	.L47
 431              	.LVL40:
 432              	.L39:
 705:kved.c        **** 	{
 706:kved.c        **** 		kved_word_t cnt_sec_a = kved_flash_data_read(KVED_FLASH_SECTOR_A,1);
 707:kved.c        **** 		kved_word_t cnt_sec_b = kved_flash_data_read(KVED_FLASH_SECTOR_B,1);
 708:kved.c        **** 
 709:kved.c        **** 		// the (a) counter rolled over and the
 710:kved.c        **** 		// sector (a->b) copy was done so erase older sector (a) and use the newer (b)
 711:kved.c        **** 		if((cnt_sec_a == (KVED_FLASH_UINT_MAX-1)) && (cnt_sec_b == 0))
 712:kved.c        **** 		{
 713:kved.c        **** 			invalidate_a = true;
 714:kved.c        **** 		}
 715:kved.c        **** 		// the (b) counter rolled over and the
 716:kved.c        **** 		// sector (b->a) copy was done so erase older sector (b) and use the newer (a)
 717:kved.c        **** 		else if((cnt_sec_b == (KVED_FLASH_UINT_MAX-1)) && (cnt_sec_a == 0))
 718:kved.c        **** 		{
 719:kved.c        **** 			invalidate_b = true;
 720:kved.c        **** 		}
 721:kved.c        **** 		// unexpected situation since counter can not be KVED_FLASH_UINT_MAX: we 
 722:kved.c        **** 		// will invalidate the sector. Maybe some people would like to analize it 
 723:kved.c        **** 		// and rescue some valid entries. Not implemented, anyway.
 724:kved.c        **** 		else if((cnt_sec_a == KVED_FLASH_UINT_MAX) || (cnt_sec_b == KVED_FLASH_UINT_MAX))
 725:kved.c        **** 		{
 726:kved.c        **** 			invalidate_a = cnt_sec_a == KVED_FLASH_UINT_MAX ;
 727:kved.c        **** 			invalidate_b = cnt_sec_b == KVED_FLASH_UINT_MAX;
 728:kved.c        **** 		}
 729:kved.c        **** 
 730:kved.c        **** 		// ok, regular situation where one counter is the newest and 
 731:kved.c        **** 		// all values are normal, just choose the newest one
 732:kved.c        **** 		if((invalidate_a == false) && (invalidate_b == false))
 733:kved.c        **** 		{
 734:kved.c        **** 			if(cnt_sec_a > cnt_sec_b)
 735:kved.c        **** 					invalidate_b = true;
 736:kved.c        **** 				else
 737:kved.c        **** 					invalidate_a = true;
 738:kved.c        **** 		}
 739:kved.c        **** 
GAS LISTING /tmp/ccYqyADg.s 			page 23


 740:kved.c        **** 		// Invalidate selected sectors ...
 741:kved.c        **** 		if(invalidate_a)
 742:kved.c        **** 			kved_flash_data_write(KVED_FLASH_SECTOR_A,0,0);
 743:kved.c        **** 
 744:kved.c        **** 		if(invalidate_b)
 745:kved.c        **** 			kved_flash_data_write(KVED_FLASH_SECTOR_B,0,0);
 746:kved.c        **** 	}
 747:kved.c        **** }
 433              		.loc 1 747 1 view .LVU125
 434 0044 5B       		popq	%rbx
 435              		.cfi_remember_state
 436              		.cfi_def_cfa_offset 24
 437 0045 5D       		popq	%rbp
 438              		.cfi_def_cfa_offset 16
 439 0046 415C     		popq	%r12
 440              		.cfi_def_cfa_offset 8
 441 0048 C3       		ret
 442              	.LVL41:
 443              	.L47:
 444              		.cfi_restore_state
 445              	.LBB53:
 706:kved.c        **** 		kved_word_t cnt_sec_b = kved_flash_data_read(KVED_FLASH_SECTOR_B,1);
 446              		.loc 1 706 3 is_stmt 1 view .LVU126
 706:kved.c        **** 		kved_word_t cnt_sec_b = kved_flash_data_read(KVED_FLASH_SECTOR_B,1);
 447              		.loc 1 706 27 is_stmt 0 view .LVU127
 448 0049 BE010000 		movl	$1, %esi
 448      00
 449 004e BF000000 		movl	$0, %edi
 449      00
 450 0053 E8000000 		call	kved_flash_data_read@PLT
 450      00
 451              	.LVL42:
 706:kved.c        **** 		kved_word_t cnt_sec_b = kved_flash_data_read(KVED_FLASH_SECTOR_B,1);
 452              		.loc 1 706 27 view .LVU128
 453 0058 4989C4   		movq	%rax, %r12
 454              	.LVL43:
 707:kved.c        **** 
 455              		.loc 1 707 3 is_stmt 1 view .LVU129
 707:kved.c        **** 
 456              		.loc 1 707 27 is_stmt 0 view .LVU130
 457 005b BE010000 		movl	$1, %esi
 457      00
 458 0060 BF010000 		movl	$1, %edi
 458      00
 459 0065 E8000000 		call	kved_flash_data_read@PLT
 459      00
 460              	.LVL44:
 711:kved.c        **** 		{
 461              		.loc 1 711 3 is_stmt 1 view .LVU131
 711:kved.c        **** 		{
 462              		.loc 1 711 17 is_stmt 0 view .LVU132
 463 006a 4983FCFE 		cmpq	$-2, %r12
 464 006e 0F94C2   		sete	%dl
 711:kved.c        **** 		{
 465              		.loc 1 711 59 view .LVU133
 466 0071 4885C0   		testq	%rax, %rax
 467 0074 0F94C1   		sete	%cl
GAS LISTING /tmp/ccYqyADg.s 			page 24


 711:kved.c        **** 		{
 468              		.loc 1 711 5 view .LVU134
 469 0077 20CA     		andb	%cl, %dl
 470 0079 752F     		jne	.L45
 717:kved.c        **** 		{
 471              		.loc 1 717 8 is_stmt 1 view .LVU135
 717:kved.c        **** 		{
 472              		.loc 1 717 22 is_stmt 0 view .LVU136
 473 007b 4883F8FE 		cmpq	$-2, %rax
 474 007f 400F94C5 		sete	%bpl
 717:kved.c        **** 		{
 475              		.loc 1 717 64 view .LVU137
 476 0083 4D85E4   		testq	%r12, %r12
 477 0086 0F94C1   		sete	%cl
 717:kved.c        **** 		{
 478              		.loc 1 717 10 view .LVU138
 479 0089 4020CD   		andb	%cl, %bpl
 480 008c 7521     		jne	.L41
 724:kved.c        **** 		{
 481              		.loc 1 724 8 is_stmt 1 view .LVU139
 724:kved.c        **** 		{
 482              		.loc 1 724 22 is_stmt 0 view .LVU140
 483 008e 4983FCFF 		cmpq	$-1, %r12
 484 0092 0F94C2   		sete	%dl
 724:kved.c        **** 		{
 485              		.loc 1 724 60 view .LVU141
 486 0095 4883F8FF 		cmpq	$-1, %rax
 487 0099 400F94C5 		sete	%bpl
 724:kved.c        **** 		{
 488              		.loc 1 724 10 view .LVU142
 489 009d 89D1     		movl	%edx, %ecx
 490 009f 4008E9   		orb	%bpl, %cl
 491 00a2 750B     		jne	.L41
 492              	.LBE53:
 694:kved.c        **** 
 493              		.loc 1 694 7 view .LVU143
 494 00a4 89CD     		movl	%ecx, %ebp
 693:kved.c        **** 	bool invalidate_b = false;
 495              		.loc 1 693 7 view .LVU144
 496 00a6 89CA     		movl	%ecx, %edx
 497 00a8 EB05     		jmp	.L41
 498              	.L45:
 694:kved.c        **** 
 499              		.loc 1 694 7 view .LVU145
 500 00aa BD000000 		movl	$0, %ebp
 500      00
 501              	.L41:
 502              	.LVL45:
 503              	.LBB54:
 732:kved.c        **** 		{
 504              		.loc 1 732 3 is_stmt 1 view .LVU146
 732:kved.c        **** 		{
 505              		.loc 1 732 5 is_stmt 0 view .LVU147
 506 00af 84D2     		testb	%dl, %dl
 507 00b1 750C     		jne	.L42
 508 00b3 4084ED   		testb	%bpl, %bpl
 509 00b6 7507     		jne	.L42
GAS LISTING /tmp/ccYqyADg.s 			page 25


 734:kved.c        **** 					invalidate_b = true;
 510              		.loc 1 734 4 is_stmt 1 view .LVU148
 734:kved.c        **** 					invalidate_b = true;
 511              		.loc 1 734 6 is_stmt 0 view .LVU149
 512 00b8 4939C4   		cmpq	%rax, %r12
 513 00bb 7606     		jbe	.L43
 735:kved.c        **** 				else
 514              		.loc 1 735 19 view .LVU150
 515 00bd 89DD     		movl	%ebx, %ebp
 516              	.LVL46:
 517              	.L42:
 741:kved.c        **** 			kved_flash_data_write(KVED_FLASH_SECTOR_A,0,0);
 518              		.loc 1 741 3 is_stmt 1 view .LVU151
 741:kved.c        **** 			kved_flash_data_write(KVED_FLASH_SECTOR_A,0,0);
 519              		.loc 1 741 5 is_stmt 0 view .LVU152
 520 00bf 84D2     		testb	%dl, %dl
 521 00c1 7414     		je	.L44
 522              	.L43:
 523              	.LVL47:
 742:kved.c        **** 
 524              		.loc 1 742 4 is_stmt 1 view .LVU153
 525 00c3 BA000000 		movl	$0, %edx
 525      00
 526 00c8 BE000000 		movl	$0, %esi
 526      00
 527 00cd BF000000 		movl	$0, %edi
 527      00
 528 00d2 E8000000 		call	kved_flash_data_write@PLT
 528      00
 529              	.LVL48:
 530              	.L44:
 744:kved.c        **** 			kved_flash_data_write(KVED_FLASH_SECTOR_B,0,0);
 531              		.loc 1 744 3 view .LVU154
 744:kved.c        **** 			kved_flash_data_write(KVED_FLASH_SECTOR_B,0,0);
 532              		.loc 1 744 5 is_stmt 0 view .LVU155
 533 00d7 4084ED   		testb	%bpl, %bpl
 534 00da 0F8464FF 		je	.L39
 534      FFFF
 745:kved.c        **** 	}
 535              		.loc 1 745 4 is_stmt 1 view .LVU156
 536 00e0 BA000000 		movl	$0, %edx
 536      00
 537 00e5 BE000000 		movl	$0, %esi
 537      00
 538 00ea BF010000 		movl	$1, %edi
 538      00
 539 00ef E8000000 		call	kved_flash_data_write@PLT
 539      00
 540              	.LVL49:
 541              	.LBE54:
 542              		.loc 1 747 1 is_stmt 0 view .LVU157
 543 00f4 E94BFFFF 		jmp	.L39
 543      FF
 544              		.cfi_endproc
 545              	.LFE69:
 547              		.section	.text.kved_data_consistency_check,"ax",@progbits
 549              	kved_data_consistency_check:
GAS LISTING /tmp/ccYqyADg.s 			page 26


 550              	.LFB70:
 748:kved.c        **** 
 749:kved.c        **** static void kved_data_consistency_check(void)
 750:kved.c        **** {
 551              		.loc 1 750 1 is_stmt 1 view -0
 552              		.cfi_startproc
 553 0000 4156     		pushq	%r14
 554              		.cfi_def_cfa_offset 16
 555              		.cfi_offset 14, -16
 556 0002 4155     		pushq	%r13
 557              		.cfi_def_cfa_offset 24
 558              		.cfi_offset 13, -24
 559 0004 4154     		pushq	%r12
 560              		.cfi_def_cfa_offset 32
 561              		.cfi_offset 12, -32
 562 0006 55       		pushq	%rbp
 563              		.cfi_def_cfa_offset 40
 564              		.cfi_offset 6, -40
 565 0007 53       		pushq	%rbx
 566              		.cfi_def_cfa_offset 48
 567              		.cfi_offset 3, -48
 751:kved.c        **** 	for(uint16_t index = ctrl.first_index ; index <= ctrl.last_index ; index += KVED_ENTRY_SIZE_IN_WOR
 568              		.loc 1 751 2 view .LVU159
 569              	.LBB55:
 570              		.loc 1 751 6 view .LVU160
 571              		.loc 1 751 15 is_stmt 0 view .LVU161
 572 0008 440FB72D 		movzwl	ctrl(%rip), %r13d
 572      00000000 
 573              	.LVL50:
 574              		.loc 1 751 2 view .LVU162
 575 0010 EB39     		jmp	.L49
 576              	.LVL51:
 577              	.L58:
 578              	.LBB56:
 752:kved.c        **** 	{
 753:kved.c        **** 		kved_word_t key = kved_flash_data_read(ctrl.sector,index);
 754:kved.c        **** 		kved_word_t val = kved_flash_data_read(ctrl.sector,index + 1);
 755:kved.c        **** 
 756:kved.c        **** 		// As we write value first and key after and we may be powered off during this operation
 757:kved.c        **** 		// it is necessary to fix cases where only the value was written. In such situation
 758:kved.c        **** 		// a key with only FFs may exist and this entry will be deleted.
 759:kved.c        **** 		// If the power down occurs when key is been written it is not possible to
 760:kved.c        **** 		// detect if the operation was finished or not. But this case need to be solved
 761:kved.c        **** 		// by application, removing any unknown or unexpected key (application knows its owns keys, kved 
 762:kved.c        **** 		if((key == KVED_FLASH_UINT_MAX) && (val != KVED_FLASH_UINT_MAX))
 763:kved.c        **** 		{
 764:kved.c        **** 			kved_flash_data_write(ctrl.sector,index,0);
 579              		.loc 1 764 4 is_stmt 1 discriminator 1 view .LVU163
 580 0012 BA000000 		movl	$0, %edx
 580      00
 581 0017 4489F6   		movl	%r14d, %esi
 582 001a 8B3D0000 		movl	16+ctrl(%rip), %edi
 582      0000
 583 0020 E8000000 		call	kved_flash_data_write@PLT
 583      00
 584              	.LVL52:
 765:kved.c        **** 			ctrl.stats.num_deleted_entries++;
GAS LISTING /tmp/ccYqyADg.s 			page 27


 585              		.loc 1 765 4 discriminator 1 view .LVU164
 586              		.loc 1 765 34 is_stmt 0 discriminator 1 view .LVU165
 587 0025 0FB70500 		movzwl	8+ctrl(%rip), %eax
 587      000000
 588 002c 83C001   		addl	$1, %eax
 589 002f 66890500 		movw	%ax, 8+ctrl(%rip)
 589      000000
 766:kved.c        **** 			ctrl.stats.num_free_entries--;
 590              		.loc 1 766 4 is_stmt 1 discriminator 1 view .LVU166
 591              		.loc 1 766 31 is_stmt 0 discriminator 1 view .LVU167
 592 0036 0FB70500 		movzwl	6+ctrl(%rip), %eax
 592      000000
 593 003d 83E801   		subl	$1, %eax
 594 0040 66890500 		movw	%ax, 6+ctrl(%rip)
 594      000000
 767:kved.c        **** 			continue;
 595              		.loc 1 767 4 is_stmt 1 discriminator 1 view .LVU168
 596              	.L51:
 597              		.loc 1 767 4 is_stmt 0 discriminator 1 view .LVU169
 598              	.LBE56:
 751:kved.c        **** 	{
 599              		.loc 1 751 75 is_stmt 1 discriminator 2 view .LVU170
 600 0047 4183C502 		addl	$2, %r13d
 601              	.LVL53:
 602              	.L49:
 751:kved.c        **** 	{
 603              		.loc 1 751 48 discriminator 1 view .LVU171
 604 004b 6644392D 		cmpw	%r13w, 4+ctrl(%rip)
 604      00000000 
 605 0053 0F82BA00 		jb	.L57
 605      0000
 606              	.LBB59:
 753:kved.c        **** 		kved_word_t val = kved_flash_data_read(ctrl.sector,index + 1);
 607              		.loc 1 753 3 view .LVU172
 753:kved.c        **** 		kved_word_t val = kved_flash_data_read(ctrl.sector,index + 1);
 608              		.loc 1 753 21 is_stmt 0 view .LVU173
 609 0059 450FB7F5 		movzwl	%r13w, %r14d
 610 005d 4489F6   		movl	%r14d, %esi
 611 0060 8B3D0000 		movl	16+ctrl(%rip), %edi
 611      0000
 612 0066 E8000000 		call	kved_flash_data_read@PLT
 612      00
 613              	.LVL54:
 614 006b 4989C4   		movq	%rax, %r12
 615              	.LVL55:
 754:kved.c        **** 
 616              		.loc 1 754 3 is_stmt 1 view .LVU174
 754:kved.c        **** 
 617              		.loc 1 754 60 is_stmt 0 view .LVU175
 618 006e 418D7501 		leal	1(%r13), %esi
 754:kved.c        **** 
 619              		.loc 1 754 21 view .LVU176
 620 0072 0FB7F6   		movzwl	%si, %esi
 621 0075 8B3D0000 		movl	16+ctrl(%rip), %edi
 621      0000
 622 007b E8000000 		call	kved_flash_data_read@PLT
 622      00
GAS LISTING /tmp/ccYqyADg.s 			page 28


 623              	.LVL56:
 762:kved.c        **** 		{
 624              		.loc 1 762 3 is_stmt 1 view .LVU177
 762:kved.c        **** 		{
 625              		.loc 1 762 11 is_stmt 0 view .LVU178
 626 0080 4983FCFF 		cmpq	$-1, %r12
 627 0084 0F94C2   		sete	%dl
 762:kved.c        **** 		{
 628              		.loc 1 762 43 view .LVU179
 629 0087 4883F8FF 		cmpq	$-1, %rax
 630 008b 0F95C0   		setne	%al
 631              	.LVL57:
 762:kved.c        **** 		{
 632              		.loc 1 762 5 view .LVU180
 633 008e 84C2     		testb	%al, %dl
 634 0090 7580     		jne	.L58
 768:kved.c        **** 		}
 769:kved.c        **** 
 770:kved.c        **** 		// Second possible situation: new data is written in the same section and the
 771:kved.c        **** 		// old value is not erased due some power down.
 772:kved.c        **** 		// So, it is required to check for duplicated keys AHEAD (always)
 773:kved.c        **** 		// and erase the old entry.
 774:kved.c        **** 		if(kved_is_valid_key(key))
 635              		.loc 1 774 3 is_stmt 1 view .LVU181
 636              		.loc 1 774 6 is_stmt 0 view .LVU182
 637 0092 4C89E7   		movq	%r12, %rdi
 638 0095 E8000000 		call	kved_is_valid_key
 638      00
 639              	.LVL58:
 640              		.loc 1 774 5 view .LVU183
 641 009a 84C0     		testb	%al, %al
 642 009c 74A9     		je	.L51
 775:kved.c        **** 		{
 776:kved.c        **** 			for(uint16_t dup_key_index = index + KVED_ENTRY_SIZE_IN_WORDS ; dup_key_index <= ctrl.last_index
 643              		.loc 1 776 4 is_stmt 1 view .LVU184
 644              	.LBB57:
 645              		.loc 1 776 8 view .LVU185
 646              		.loc 1 776 17 is_stmt 0 view .LVU186
 647 009e 418D6D02 		leal	2(%r13), %ebp
 648              	.LVL59:
 649              		.loc 1 776 4 view .LVU187
 650 00a2 EB03     		jmp	.L52
 651              	.LVL60:
 652              	.L53:
 653              		.loc 1 776 117 is_stmt 1 discriminator 2 view .LVU188
 654 00a4 83C502   		addl	$2, %ebp
 655              	.LVL61:
 656              	.L52:
 657              		.loc 1 776 82 discriminator 1 view .LVU189
 658 00a7 66392D00 		cmpw	%bp, 4+ctrl(%rip)
 658      000000
 659 00ae 7297     		jb	.L51
 660              	.LBB58:
 777:kved.c        **** 			{
 778:kved.c        **** 				kved_word_t dup_key = kved_flash_data_read(ctrl.sector,dup_key_index);
 661              		.loc 1 778 5 view .LVU190
 662              		.loc 1 778 27 is_stmt 0 view .LVU191
GAS LISTING /tmp/ccYqyADg.s 			page 29


 663 00b0 0FB7F5   		movzwl	%bp, %esi
 664 00b3 8B3D0000 		movl	16+ctrl(%rip), %edi
 664      0000
 665 00b9 E8000000 		call	kved_flash_data_read@PLT
 665      00
 666              	.LVL62:
 667 00be 4889C3   		movq	%rax, %rbx
 668              	.LVL63:
 779:kved.c        **** 				if(kved_is_valid_key(dup_key))
 669              		.loc 1 779 5 is_stmt 1 view .LVU192
 670              		.loc 1 779 8 is_stmt 0 view .LVU193
 671 00c1 4889C7   		movq	%rax, %rdi
 672 00c4 E8000000 		call	kved_is_valid_key
 672      00
 673              	.LVL64:
 674              		.loc 1 779 7 view .LVU194
 675 00c9 84C0     		testb	%al, %al
 676 00cb 74D7     		je	.L53
 780:kved.c        **** 				{
 781:kved.c        **** 					if(KVED_HDR_MASK_KEY(dup_key) == KVED_HDR_MASK_KEY(key))
 677              		.loc 1 781 6 is_stmt 1 view .LVU195
 678              		.loc 1 781 36 is_stmt 0 view .LVU196
 679 00cd 4C31E3   		xorq	%r12, %rbx
 680              	.LVL65:
 681              		.loc 1 781 8 view .LVU197
 682 00d0 48F7C300 		testq	$-256, %rbx
 682      FFFFFF
 683 00d7 75CB     		jne	.L53
 782:kved.c        **** 					{
 783:kved.c        **** 						kved_flash_data_write(ctrl.sector,index,0);
 684              		.loc 1 783 7 is_stmt 1 view .LVU198
 685 00d9 BA000000 		movl	$0, %edx
 685      00
 686 00de 4489F6   		movl	%r14d, %esi
 687 00e1 8B3D0000 		movl	16+ctrl(%rip), %edi
 687      0000
 688 00e7 E8000000 		call	kved_flash_data_write@PLT
 688      00
 689              	.LVL66:
 784:kved.c        **** 						ctrl.stats.num_deleted_entries++;
 690              		.loc 1 784 7 view .LVU199
 691              		.loc 1 784 37 is_stmt 0 view .LVU200
 692 00ec 0FB70500 		movzwl	8+ctrl(%rip), %eax
 692      000000
 693 00f3 83C001   		addl	$1, %eax
 694 00f6 66890500 		movw	%ax, 8+ctrl(%rip)
 694      000000
 785:kved.c        **** 						ctrl.stats.num_used_entries--;
 695              		.loc 1 785 7 is_stmt 1 view .LVU201
 696              		.loc 1 785 34 is_stmt 0 view .LVU202
 697 00fd 0FB70500 		movzwl	10+ctrl(%rip), %eax
 697      000000
 698 0104 83E801   		subl	$1, %eax
 699 0107 66890500 		movw	%ax, 10+ctrl(%rip)
 699      000000
 786:kved.c        **** 						break;
 700              		.loc 1 786 7 is_stmt 1 view .LVU203
GAS LISTING /tmp/ccYqyADg.s 			page 30


 701 010e E934FFFF 		jmp	.L51
 701      FF
 702              	.LVL67:
 703              	.L57:
 704              		.loc 1 786 7 is_stmt 0 view .LVU204
 705              	.LBE58:
 706              	.LBE57:
 707              	.LBE59:
 708              	.LBE55:
 787:kved.c        **** 					}
 788:kved.c        **** 				}
 789:kved.c        **** 			}
 790:kved.c        **** 		}
 791:kved.c        **** 	}
 792:kved.c        **** }
 709              		.loc 1 792 1 view .LVU205
 710 0113 5B       		popq	%rbx
 711              		.cfi_def_cfa_offset 40
 712 0114 5D       		popq	%rbp
 713              		.cfi_def_cfa_offset 32
 714 0115 415C     		popq	%r12
 715              		.cfi_def_cfa_offset 24
 716 0117 415D     		popq	%r13
 717              		.cfi_def_cfa_offset 16
 718              	.LVL68:
 719              		.loc 1 792 1 view .LVU206
 720 0119 415E     		popq	%r14
 721              		.cfi_def_cfa_offset 8
 722 011b C3       		ret
 723              		.cfi_endproc
 724              	.LFE70:
 726              		.section	.text.kved_sector_switch,"ax",@progbits
 728              	kved_sector_switch:
 729              	.LVL69:
 730              	.LFB48:
 315:kved.c        **** 	uint16_t next_index = KVED_HDR_SIZE_IN_WORDS;
 731              		.loc 1 315 1 is_stmt 1 view -0
 732              		.cfi_startproc
 315:kved.c        **** 	uint16_t next_index = KVED_HDR_SIZE_IN_WORDS;
 733              		.loc 1 315 1 is_stmt 0 view .LVU208
 734 0000 4157     		pushq	%r15
 735              		.cfi_def_cfa_offset 16
 736              		.cfi_offset 15, -16
 737 0002 4156     		pushq	%r14
 738              		.cfi_def_cfa_offset 24
 739              		.cfi_offset 14, -24
 740 0004 4155     		pushq	%r13
 741              		.cfi_def_cfa_offset 32
 742              		.cfi_offset 13, -32
 743 0006 4154     		pushq	%r12
 744              		.cfi_def_cfa_offset 40
 745              		.cfi_offset 12, -40
 746 0008 55       		pushq	%rbp
 747              		.cfi_def_cfa_offset 48
 748              		.cfi_offset 6, -48
 749 0009 53       		pushq	%rbx
 750              		.cfi_def_cfa_offset 56
GAS LISTING /tmp/ccYqyADg.s 			page 31


 751              		.cfi_offset 3, -56
 752 000a 4883EC38 		subq	$56, %rsp
 753              		.cfi_def_cfa_offset 112
 754 000e 4989FC   		movq	%rdi, %r12
 755 0011 48897424 		movq	%rsi, 40(%rsp)
 755      28
 756 0016 48895424 		movq	%rdx, 24(%rsp)
 756      18
 757 001b 48894C24 		movq	%rcx, 32(%rsp)
 757      20
 316:kved.c        **** 	uint16_t total_items = 0;
 758              		.loc 1 316 2 is_stmt 1 view .LVU209
 759              	.LVL70:
 317:kved.c        **** 	uint16_t used_items = 0;
 760              		.loc 1 317 2 view .LVU210
 318:kved.c        **** 	kved_flash_sector_t next_sector = ctrl->sector == KVED_FLASH_SECTOR_A ? KVED_FLASH_SECTOR_B : KVED
 761              		.loc 1 318 2 view .LVU211
 319:kved.c        **** 
 762              		.loc 1 319 2 view .LVU212
 319:kved.c        **** 
 763              		.loc 1 319 94 is_stmt 0 view .LVU213
 764 0020 837F1000 		cmpl	$0, 16(%rdi)
 319:kved.c        **** 
 765              		.loc 1 319 22 view .LVU214
 766 0024 410F94C7 		sete	%r15b
 767 0028 450FB6FF 		movzbl	%r15b, %r15d
 768              	.LVL71:
 321:kved.c        **** 
 769              		.loc 1 321 2 is_stmt 1 view .LVU215
 770 002c 4489FF   		movl	%r15d, %edi
 771              	.LVL72:
 321:kved.c        **** 
 772              		.loc 1 321 2 is_stmt 0 view .LVU216
 773 002f E8000000 		call	kved_flash_sector_erase@PLT
 773      00
 774              	.LVL73:
 323:kved.c        **** 
 775              		.loc 1 323 2 is_stmt 1 view .LVU217
 325:kved.c        **** 	{
 776              		.loc 1 325 2 view .LVU218
 777              	.LBB60:
 325:kved.c        **** 	{
 778              		.loc 1 325 6 view .LVU219
 325:kved.c        **** 	{
 779              		.loc 1 325 15 is_stmt 0 view .LVU220
 780 0034 410FB72C 		movzwl	(%r12), %ebp
 780      24
 781              	.LVL74:
 325:kved.c        **** 	{
 782              		.loc 1 325 15 view .LVU221
 783              	.LBE60:
 318:kved.c        **** 	kved_flash_sector_t next_sector = ctrl->sector == KVED_FLASH_SECTOR_A ? KVED_FLASH_SECTOR_B : KVED
 784              		.loc 1 318 11 view .LVU222
 785 0039 66C74424 		movw	$0, 14(%rsp)
 785      0E0000
 317:kved.c        **** 	uint16_t used_items = 0;
 786              		.loc 1 317 11 view .LVU223
GAS LISTING /tmp/ccYqyADg.s 			page 32


 787 0040 41BD0000 		movl	$0, %r13d
 787      0000
 316:kved.c        **** 	uint16_t total_items = 0;
 788              		.loc 1 316 11 view .LVU224
 789 0046 41BE0200 		movl	$2, %r14d
 789      0000
 790              	.LBB65:
 325:kved.c        **** 	{
 791              		.loc 1 325 2 view .LVU225
 792 004c EB23     		jmp	.L60
 793              	.LVL75:
 794              	.L62:
 795              	.LBB61:
 796              	.LBB62:
 338:kved.c        **** 
 797              		.loc 1 338 5 is_stmt 1 view .LVU226
 338:kved.c        **** 
 798              		.loc 1 338 49 is_stmt 0 view .LVU227
 799 004e 4183C602 		addl	$2, %r14d
 800              	.LVL76:
 338:kved.c        **** 
 801              		.loc 1 338 5 view .LVU228
 802 0052 0FB77424 		movzwl	12(%rsp), %esi
 802      0C
 803 0057 488B5424 		movq	16(%rsp), %rdx
 803      10
 804 005c 4489FF   		movl	%r15d, %edi
 805 005f E8000000 		call	kved_flash_data_write@PLT
 805      00
 806              	.LVL77:
 807              	.L63:
 340:kved.c        **** 		}
 808              		.loc 1 340 4 is_stmt 1 view .LVU229
 340:kved.c        **** 		}
 809              		.loc 1 340 14 is_stmt 0 view .LVU230
 810 0064 66834424 		addw	$1, 14(%rsp)
 810      0E01
 811              	.LVL78:
 812              	.L61:
 340:kved.c        **** 		}
 813              		.loc 1 340 14 view .LVU231
 814              	.LBE62:
 343:kved.c        **** 	}
 815              		.loc 1 343 3 is_stmt 1 discriminator 2 view .LVU232
 343:kved.c        **** 	}
 816              		.loc 1 343 14 is_stmt 0 discriminator 2 view .LVU233
 817 006a 4183C501 		addl	$1, %r13d
 818              	.LVL79:
 343:kved.c        **** 	}
 819              		.loc 1 343 14 discriminator 2 view .LVU234
 820              	.LBE61:
 325:kved.c        **** 	{
 821              		.loc 1 325 77 is_stmt 1 discriminator 2 view .LVU235
 822 006e 83C502   		addl	$2, %ebp
 823              	.LVL80:
 824              	.L60:
 325:kved.c        **** 	{
GAS LISTING /tmp/ccYqyADg.s 			page 33


 825              		.loc 1 325 49 discriminator 1 view .LVU236
 826 0071 6641396C 		cmpw	%bp, 4(%r12)
 826      2404
 827 0077 7276     		jb	.L68
 828              	.LBB64:
 327:kved.c        **** 
 829              		.loc 1 327 3 view .LVU237
 327:kved.c        **** 
 830              		.loc 1 327 21 is_stmt 0 view .LVU238
 831 0079 0FB7F5   		movzwl	%bp, %esi
 832 007c 418B7C24 		movl	16(%r12), %edi
 832      10
 833 0081 E8000000 		call	kved_flash_data_read@PLT
 833      00
 834              	.LVL81:
 835 0086 4889C3   		movq	%rax, %rbx
 836              	.LVL82:
 329:kved.c        **** 		{
 837              		.loc 1 329 3 is_stmt 1 view .LVU239
 329:kved.c        **** 		{
 838              		.loc 1 329 6 is_stmt 0 view .LVU240
 839 0089 4889C7   		movq	%rax, %rdi
 840 008c E8000000 		call	kved_is_valid_key
 840      00
 841              	.LVL83:
 329:kved.c        **** 		{
 842              		.loc 1 329 5 view .LVU241
 843 0091 84C0     		testb	%al, %al
 844 0093 74D5     		je	.L61
 845              	.LBB63:
 331:kved.c        **** 
 846              		.loc 1 331 4 is_stmt 1 view .LVU242
 331:kved.c        **** 
 847              		.loc 1 331 62 is_stmt 0 view .LVU243
 848 0095 8D7501   		leal	1(%rbp), %esi
 331:kved.c        **** 
 849              		.loc 1 331 22 view .LVU244
 850 0098 0FB7F6   		movzwl	%si, %esi
 851 009b 418B7C24 		movl	16(%r12), %edi
 851      10
 852 00a0 E8000000 		call	kved_flash_data_read@PLT
 852      00
 853              	.LVL84:
 854 00a5 48894424 		movq	%rax, 16(%rsp)
 854      10
 855              	.LVL85:
 333:kved.c        **** 
 856              		.loc 1 333 4 is_stmt 1 view .LVU245
 333:kved.c        **** 
 857              		.loc 1 333 48 is_stmt 0 view .LVU246
 858 00aa 418D4601 		leal	1(%r14), %eax
 859              	.LVL86:
 333:kved.c        **** 
 860              		.loc 1 333 48 view .LVU247
 861 00ae 66894424 		movw	%ax, 12(%rsp)
 861      0C
 862              	.LVL87:
GAS LISTING /tmp/ccYqyADg.s 			page 34


 333:kved.c        **** 
 863              		.loc 1 333 4 view .LVU248
 864 00b3 410FB7F6 		movzwl	%r14w, %esi
 865 00b7 4889DA   		movq	%rbx, %rdx
 866 00ba 4489FF   		movl	%r15d, %edi
 867 00bd E8000000 		call	kved_flash_data_write@PLT
 867      00
 868              	.LVL88:
 335:kved.c        **** 				kved_flash_data_write(next_sector,next_index++,upd_value);
 869              		.loc 1 335 4 is_stmt 1 view .LVU249
 335:kved.c        **** 				kved_flash_data_write(next_sector,next_index++,upd_value);
 870              		.loc 1 335 6 is_stmt 0 view .LVU250
 871 00c2 48335C24 		xorq	24(%rsp), %rbx
 871      18
 872              	.LVL89:
 335:kved.c        **** 				kved_flash_data_write(next_sector,next_index++,upd_value);
 873              		.loc 1 335 6 view .LVU251
 874 00c7 48F7C300 		testq	$-256, %rbx
 874      FFFFFF
 875 00ce 0F857AFF 		jne	.L62
 875      FFFF
 336:kved.c        **** 			else
 876              		.loc 1 336 5 is_stmt 1 view .LVU252
 336:kved.c        **** 			else
 877              		.loc 1 336 49 is_stmt 0 view .LVU253
 878 00d4 4183C602 		addl	$2, %r14d
 879              	.LVL90:
 336:kved.c        **** 			else
 880              		.loc 1 336 5 view .LVU254
 881 00d8 0FB77424 		movzwl	12(%rsp), %esi
 881      0C
 882 00dd 488B5424 		movq	32(%rsp), %rdx
 882      20
 883 00e2 4489FF   		movl	%r15d, %edi
 884 00e5 E8000000 		call	kved_flash_data_write@PLT
 884      00
 885              	.LVL91:
 886 00ea E975FFFF 		jmp	.L63
 886      FF
 887              	.LVL92:
 888              	.L68:
 336:kved.c        **** 			else
 889              		.loc 1 336 5 view .LVU255
 890              	.LBE63:
 891              	.LBE64:
 892              	.LBE65:
 346:kved.c        **** 	ctrl->sector = next_sector;
 893              		.loc 1 346 2 is_stmt 1 view .LVU256
 346:kved.c        **** 	ctrl->sector = next_sector;
 894              		.loc 1 346 22 is_stmt 0 view .LVU257
 895 00ef 418B5C24 		movl	16(%r12), %ebx
 895      10
 896              	.LVL93:
 347:kved.c        **** 	ctrl->first_index = KVED_HDR_SIZE_IN_WORDS;
 897              		.loc 1 347 2 is_stmt 1 view .LVU258
 347:kved.c        **** 	ctrl->first_index = KVED_HDR_SIZE_IN_WORDS;
 898              		.loc 1 347 15 is_stmt 0 view .LVU259
GAS LISTING /tmp/ccYqyADg.s 			page 35


 899 00f4 45897C24 		movl	%r15d, 16(%r12)
 899      10
 348:kved.c        **** 	ctrl->last_index = (kved_flash_sector_size()/KVED_FLASH_WORD_SIZE) - KVED_HDR_SIZE_IN_WORDS;
 900              		.loc 1 348 2 is_stmt 1 view .LVU260
 348:kved.c        **** 	ctrl->last_index = (kved_flash_sector_size()/KVED_FLASH_WORD_SIZE) - KVED_HDR_SIZE_IN_WORDS;
 901              		.loc 1 348 20 is_stmt 0 view .LVU261
 902 00f9 6641C704 		movw	$2, (%r12)
 902      240200
 349:kved.c        **** 	ctrl->first_free_index = next_index;
 903              		.loc 1 349 2 is_stmt 1 view .LVU262
 349:kved.c        **** 	ctrl->first_free_index = next_index;
 904              		.loc 1 349 22 is_stmt 0 view .LVU263
 905 0100 E8000000 		call	kved_flash_sector_size@PLT
 905      00
 906              	.LVL94:
 349:kved.c        **** 	ctrl->first_free_index = next_index;
 907              		.loc 1 349 46 view .LVU264
 908 0105 C1E803   		shrl	$3, %eax
 349:kved.c        **** 	ctrl->first_free_index = next_index;
 909              		.loc 1 349 69 view .LVU265
 910 0108 83E802   		subl	$2, %eax
 349:kved.c        **** 	ctrl->first_free_index = next_index;
 911              		.loc 1 349 19 view .LVU266
 912 010b 66418944 		movw	%ax, 4(%r12)
 912      2404
 350:kved.c        **** 	ctrl->stats.num_deleted_entries = 0;
 913              		.loc 1 350 2 is_stmt 1 view .LVU267
 350:kved.c        **** 	ctrl->stats.num_deleted_entries = 0;
 914              		.loc 1 350 25 is_stmt 0 view .LVU268
 915 0111 66458974 		movw	%r14w, 2(%r12)
 915      2402
 351:kved.c        **** 	ctrl->stats.num_total_entries = total_items;
 916              		.loc 1 351 2 is_stmt 1 view .LVU269
 351:kved.c        **** 	ctrl->stats.num_total_entries = total_items;
 917              		.loc 1 351 34 is_stmt 0 view .LVU270
 918 0117 6641C744 		movw	$0, 8(%r12)
 918      24080000 
 352:kved.c        **** 	ctrl->stats.num_used_entries = used_items;
 919              		.loc 1 352 2 is_stmt 1 view .LVU271
 352:kved.c        **** 	ctrl->stats.num_used_entries = used_items;
 920              		.loc 1 352 32 is_stmt 0 view .LVU272
 921 011f 6645896C 		movw	%r13w, 12(%r12)
 921      240C
 353:kved.c        **** 	ctrl->stats.num_free_entries = total_items - used_items;
 922              		.loc 1 353 2 is_stmt 1 view .LVU273
 353:kved.c        **** 	ctrl->stats.num_free_entries = total_items - used_items;
 923              		.loc 1 353 31 is_stmt 0 view .LVU274
 924 0125 0FB74424 		movzwl	14(%rsp), %eax
 924      0E
 925 012a 66418944 		movw	%ax, 10(%r12)
 925      240A
 354:kved.c        **** 
 926              		.loc 1 354 2 is_stmt 1 view .LVU275
 354:kved.c        **** 
 927              		.loc 1 354 45 is_stmt 0 view .LVU276
 928 0130 4129C5   		subl	%eax, %r13d
 929              	.LVL95:
GAS LISTING /tmp/ccYqyADg.s 			page 36


 354:kved.c        **** 
 930              		.loc 1 354 31 view .LVU277
 931 0133 6645896C 		movw	%r13w, 6(%r12)
 931      2406
 357:kved.c        **** 		cnt = 0;
 932              		.loc 1 357 2 is_stmt 1 view .LVU278
 357:kved.c        **** 		cnt = 0;
 933              		.loc 1 357 4 is_stmt 0 view .LVU279
 934 0139 488B4424 		movq	40(%rsp), %rax
 934      28
 935 013e 4883F8FE 		cmpq	$-2, %rax
 936 0142 744B     		je	.L66
 360:kved.c        **** 
 937              		.loc 1 360 3 is_stmt 1 view .LVU280
 360:kved.c        **** 
 938              		.loc 1 360 6 is_stmt 0 view .LVU281
 939 0144 4883C001 		addq	$1, %rax
 940 0148 4889C2   		movq	%rax, %rdx
 941              	.LVL96:
 942              	.L65:
 362:kved.c        **** 	kved_flash_data_write(next_sector,0,KVED_SIGNATURE_ENTRY);
 943              		.loc 1 362 2 is_stmt 1 view .LVU282
 944 014b BE010000 		movl	$1, %esi
 944      00
 945 0150 4489FF   		movl	%r15d, %edi
 946 0153 E8000000 		call	kved_flash_data_write@PLT
 946      00
 947              	.LVL97:
 363:kved.c        **** 
 948              		.loc 1 363 2 view .LVU283
 949 0158 48BAEFBE 		movabsq	$-2401053088876216593, %rdx
 949      ADDEEFBE 
 949      ADDE
 950 0162 BE000000 		movl	$0, %esi
 950      00
 951 0167 4489FF   		movl	%r15d, %edi
 952 016a E8000000 		call	kved_flash_data_write@PLT
 952      00
 953              	.LVL98:
 365:kved.c        **** }
 954              		.loc 1 365 2 view .LVU284
 955 016f BA000000 		movl	$0, %edx
 955      00
 956 0174 BE000000 		movl	$0, %esi
 956      00
 957 0179 89DF     		movl	%ebx, %edi
 958 017b E8000000 		call	kved_flash_data_write@PLT
 958      00
 959              	.LVL99:
 366:kved.c        **** 
 960              		.loc 1 366 1 is_stmt 0 view .LVU285
 961 0180 4883C438 		addq	$56, %rsp
 962              		.cfi_remember_state
 963              		.cfi_def_cfa_offset 56
 964 0184 5B       		popq	%rbx
 965              		.cfi_def_cfa_offset 48
 966              	.LVL100:
GAS LISTING /tmp/ccYqyADg.s 			page 37


 366:kved.c        **** 
 967              		.loc 1 366 1 view .LVU286
 968 0185 5D       		popq	%rbp
 969              		.cfi_def_cfa_offset 40
 970              	.LVL101:
 366:kved.c        **** 
 971              		.loc 1 366 1 view .LVU287
 972 0186 415C     		popq	%r12
 973              		.cfi_def_cfa_offset 32
 974              	.LVL102:
 366:kved.c        **** 
 975              		.loc 1 366 1 view .LVU288
 976 0188 415D     		popq	%r13
 977              		.cfi_def_cfa_offset 24
 978 018a 415E     		popq	%r14
 979              		.cfi_def_cfa_offset 16
 980              	.LVL103:
 366:kved.c        **** 
 981              		.loc 1 366 1 view .LVU289
 982 018c 415F     		popq	%r15
 983              		.cfi_def_cfa_offset 8
 984              	.LVL104:
 366:kved.c        **** 
 985              		.loc 1 366 1 view .LVU290
 986 018e C3       		ret
 987              	.LVL105:
 988              	.L66:
 989              		.cfi_restore_state
 358:kved.c        **** 	else
 990              		.loc 1 358 7 view .LVU291
 991 018f BA000000 		movl	$0, %edx
 991      00
 992 0194 EBB5     		jmp	.L65
 993              		.cfi_endproc
 994              	.LFE48:
 996              		.section	.text.kved_sector_stats_read,"ax",@progbits
 998              	kved_sector_stats_read:
 999              	.LVL106:
 1000              	.LFB41:
 201:kved.c        **** 	// [0,NV_HDR_SIZE] ARE NOT VALID AS ENTRY INDEXES, THEY ARE RESERVED FOR HEADER
 1001              		.loc 1 201 1 is_stmt 1 view -0
 1002              		.cfi_startproc
 201:kved.c        **** 	// [0,NV_HDR_SIZE] ARE NOT VALID AS ENTRY INDEXES, THEY ARE RESERVED FOR HEADER
 1003              		.loc 1 201 1 is_stmt 0 view .LVU293
 1004 0000 55       		pushq	%rbp
 1005              		.cfi_def_cfa_offset 16
 1006              		.cfi_offset 6, -16
 1007 0001 53       		pushq	%rbx
 1008              		.cfi_def_cfa_offset 24
 1009              		.cfi_offset 3, -24
 1010 0002 4883EC08 		subq	$8, %rsp
 1011              		.cfi_def_cfa_offset 32
 1012 0006 4889FB   		movq	%rdi, %rbx
 203:kved.c        **** 	ctrl->last_index = (kved_flash_sector_size()/KVED_FLASH_WORD_SIZE) - KVED_HDR_SIZE_IN_WORDS;
 1013              		.loc 1 203 2 is_stmt 1 view .LVU294
 203:kved.c        **** 	ctrl->last_index = (kved_flash_sector_size()/KVED_FLASH_WORD_SIZE) - KVED_HDR_SIZE_IN_WORDS;
 1014              		.loc 1 203 20 is_stmt 0 view .LVU295
GAS LISTING /tmp/ccYqyADg.s 			page 38


 1015 0009 66C70702 		movw	$2, (%rdi)
 1015      00
 204:kved.c        **** 	ctrl->first_free_index = 0;
 1016              		.loc 1 204 2 is_stmt 1 view .LVU296
 204:kved.c        **** 	ctrl->first_free_index = 0;
 1017              		.loc 1 204 22 is_stmt 0 view .LVU297
 1018 000e E8000000 		call	kved_flash_sector_size@PLT
 1018      00
 1019              	.LVL107:
 204:kved.c        **** 	ctrl->first_free_index = 0;
 1020              		.loc 1 204 46 view .LVU298
 1021 0013 C1E803   		shrl	$3, %eax
 204:kved.c        **** 	ctrl->first_free_index = 0;
 1022              		.loc 1 204 69 view .LVU299
 1023 0016 83E802   		subl	$2, %eax
 204:kved.c        **** 	ctrl->first_free_index = 0;
 1024              		.loc 1 204 19 view .LVU300
 1025 0019 66894304 		movw	%ax, 4(%rbx)
 205:kved.c        **** 
 1026              		.loc 1 205 2 is_stmt 1 view .LVU301
 205:kved.c        **** 
 1027              		.loc 1 205 25 is_stmt 0 view .LVU302
 1028 001d 66C74302 		movw	$0, 2(%rbx)
 1028      0000
 207:kved.c        **** 
 1029              		.loc 1 207 2 is_stmt 1 view .LVU303
 1030 0023 488D7B06 		leaq	6(%rbx), %rdi
 1031 0027 E8000000 		call	nv_sector_stats_erase
 1031      00
 1032              	.LVL108:
 209:kved.c        **** 	{
 1033              		.loc 1 209 2 view .LVU304
 1034              	.LBB66:
 209:kved.c        **** 	{
 1035              		.loc 1 209 6 view .LVU305
 209:kved.c        **** 	{
 1036              		.loc 1 209 15 is_stmt 0 view .LVU306
 1037 002c 0FB72B   		movzwl	(%rbx), %ebp
 1038              	.LVL109:
 209:kved.c        **** 	{
 1039              		.loc 1 209 2 view .LVU307
 1040 002f EB1F     		jmp	.L70
 1041              	.LVL110:
 1042              	.L71:
 1043              	.LBB67:
 217:kved.c        **** 		{
 1044              		.loc 1 217 8 is_stmt 1 view .LVU308
 217:kved.c        **** 		{
 1045              		.loc 1 217 10 is_stmt 0 view .LVU309
 1046 0031 4883F8FF 		cmpq	$-1, %rax
 1047 0035 743C     		je	.L76
 226:kved.c        **** 		}
 1048              		.loc 1 226 4 is_stmt 1 view .LVU310
 226:kved.c        **** 		}
 1049              		.loc 1 226 32 is_stmt 0 view .LVU311
 1050 0037 0FB7430A 		movzwl	10(%rbx), %eax
 1051              	.LVL111:
GAS LISTING /tmp/ccYqyADg.s 			page 39


 226:kved.c        **** 		}
 1052              		.loc 1 226 32 view .LVU312
 1053 003b 83C001   		addl	$1, %eax
 1054 003e 6689430A 		movw	%ax, 10(%rbx)
 1055              	.L72:
 229:kved.c        **** 	}
 1056              		.loc 1 229 3 is_stmt 1 discriminator 2 view .LVU313
 229:kved.c        **** 	}
 1057              		.loc 1 229 32 is_stmt 0 discriminator 2 view .LVU314
 1058 0042 0FB7430C 		movzwl	12(%rbx), %eax
 1059 0046 83C001   		addl	$1, %eax
 1060 0049 6689430C 		movw	%ax, 12(%rbx)
 1061              	.LBE67:
 209:kved.c        **** 	{
 1062              		.loc 1 209 77 is_stmt 1 discriminator 2 view .LVU315
 1063 004d 83C502   		addl	$2, %ebp
 1064              	.LVL112:
 1065              	.L70:
 209:kved.c        **** 	{
 1066              		.loc 1 209 49 discriminator 1 view .LVU316
 1067 0050 66396B04 		cmpw	%bp, 4(%rbx)
 1068 0054 7235     		jb	.L77
 1069              	.LBB68:
 211:kved.c        **** 
 1070              		.loc 1 211 3 view .LVU317
 211:kved.c        **** 
 1071              		.loc 1 211 21 is_stmt 0 view .LVU318
 1072 0056 0FB7F5   		movzwl	%bp, %esi
 1073 0059 8B7B10   		movl	16(%rbx), %edi
 1074 005c E8000000 		call	kved_flash_data_read@PLT
 1074      00
 1075              	.LVL113:
 213:kved.c        **** 		{
 1076              		.loc 1 213 3 is_stmt 1 view .LVU319
 213:kved.c        **** 		{
 1077              		.loc 1 213 5 is_stmt 0 view .LVU320
 1078 0061 4885C0   		testq	%rax, %rax
 1079 0064 75CB     		jne	.L71
 215:kved.c        **** 		}
 1080              		.loc 1 215 4 is_stmt 1 view .LVU321
 215:kved.c        **** 		}
 1081              		.loc 1 215 35 is_stmt 0 view .LVU322
 1082 0066 0FB74308 		movzwl	8(%rbx), %eax
 1083              	.LVL114:
 215:kved.c        **** 		}
 1084              		.loc 1 215 35 view .LVU323
 1085 006a 83C001   		addl	$1, %eax
 1086 006d 66894308 		movw	%ax, 8(%rbx)
 1087 0071 EBCF     		jmp	.L72
 1088              	.LVL115:
 1089              	.L76:
 219:kved.c        **** 
 1090              		.loc 1 219 4 is_stmt 1 view .LVU324
 219:kved.c        **** 
 1091              		.loc 1 219 32 is_stmt 0 view .LVU325
 1092 0073 0FB74306 		movzwl	6(%rbx), %eax
 1093              	.LVL116:
GAS LISTING /tmp/ccYqyADg.s 			page 40


 219:kved.c        **** 
 1094              		.loc 1 219 32 view .LVU326
 1095 0077 83C001   		addl	$1, %eax
 1096 007a 66894306 		movw	%ax, 6(%rbx)
 221:kved.c        **** 				ctrl->first_free_index = index;
 1097              		.loc 1 221 4 is_stmt 1 view .LVU327
 221:kved.c        **** 				ctrl->first_free_index = index;
 1098              		.loc 1 221 6 is_stmt 0 view .LVU328
 1099 007e 66837B02 		cmpw	$0, 2(%rbx)
 1099      00
 1100 0083 75BD     		jne	.L72
 222:kved.c        **** 		}
 1101              		.loc 1 222 5 is_stmt 1 view .LVU329
 222:kved.c        **** 		}
 1102              		.loc 1 222 28 is_stmt 0 view .LVU330
 1103 0085 66896B02 		movw	%bp, 2(%rbx)
 1104 0089 EBB7     		jmp	.L72
 1105              	.L77:
 222:kved.c        **** 		}
 1106              		.loc 1 222 28 view .LVU331
 1107              	.LBE68:
 1108              	.LBE66:
 231:kved.c        **** 
 1109              		.loc 1 231 1 view .LVU332
 1110 008b 4883C408 		addq	$8, %rsp
 1111              		.cfi_def_cfa_offset 24
 1112 008f 5B       		popq	%rbx
 1113              		.cfi_def_cfa_offset 16
 1114              	.LVL117:
 231:kved.c        **** 
 1115              		.loc 1 231 1 view .LVU333
 1116 0090 5D       		popq	%rbp
 1117              		.cfi_def_cfa_offset 8
 1118              	.LVL118:
 231:kved.c        **** 
 1119              		.loc 1 231 1 view .LVU334
 1120 0091 C3       		ret
 1121              		.cfi_endproc
 1122              	.LFE41:
 1124              		.section	.rodata.kved_print.str1.1,"aMS",@progbits,1
 1125              	.LC0:
 1126 0000 25303258 		.string	"%02X"
 1126      00
 1127              		.section	.text.kved_print,"ax",@progbits
 1129              	kved_print:
 1130              	.LVL119:
 1131              	.LFB38:
  90:kved.c        **** 	uint8_t *p = (uint8_t *) &val;
 1132              		.loc 1 90 1 is_stmt 1 view -0
 1133              		.cfi_startproc
  90:kved.c        **** 	uint8_t *p = (uint8_t *) &val;
 1134              		.loc 1 90 1 is_stmt 0 view .LVU336
 1135 0000 55       		pushq	%rbp
 1136              		.cfi_def_cfa_offset 16
 1137              		.cfi_offset 6, -16
 1138 0001 53       		pushq	%rbx
 1139              		.cfi_def_cfa_offset 24
GAS LISTING /tmp/ccYqyADg.s 			page 41


 1140              		.cfi_offset 3, -24
 1141 0002 4883EC18 		subq	$24, %rsp
 1142              		.cfi_def_cfa_offset 48
 1143 0006 48897C24 		movq	%rdi, 8(%rsp)
 1143      08
  91:kved.c        **** 
 1144              		.loc 1 91 2 is_stmt 1 view .LVU337
 1145              	.LVL120:
  93:kved.c        **** 	for(uint8_t n = 0 ; n < sizeof(kved_word_t) ; n++, p--)
 1146              		.loc 1 93 2 view .LVU338
  94:kved.c        **** 		printf("%02X",*p);
 1147              		.loc 1 94 2 view .LVU339
 1148              	.LBB69:
  94:kved.c        **** 		printf("%02X",*p);
 1149              		.loc 1 94 6 view .LVU340
  94:kved.c        **** 		printf("%02X",*p);
 1150              		.loc 1 94 14 is_stmt 0 view .LVU341
 1151 000b BB000000 		movl	$0, %ebx
 1151      00
 1152              	.LBE69:
  93:kved.c        **** 	for(uint8_t n = 0 ; n < sizeof(kved_word_t) ; n++, p--)
 1153              		.loc 1 93 4 view .LVU342
 1154 0010 488D6C24 		leaq	15(%rsp), %rbp
 1154      0F
 1155              	.LVL121:
 1156              	.LBB72:
  94:kved.c        **** 		printf("%02X",*p);
 1157              		.loc 1 94 2 view .LVU343
 1158 0015 EB21     		jmp	.L79
 1159              	.LVL122:
 1160              	.L80:
  95:kved.c        **** }
 1161              		.loc 1 95 3 is_stmt 1 discriminator 3 view .LVU344
 1162 0017 0FB65500 		movzbl	0(%rbp), %edx
 1163              	.LVL123:
 1164              	.LBB70:
 1165              	.LBI70:
 1166              		.file 2 "/usr/include/x86_64-linux-gnu/bits/stdio2.h"
   1:/usr/include/x86_64-linux-gnu/bits/stdio2.h **** /* Checking macros for stdio functions.
   2:/usr/include/x86_64-linux-gnu/bits/stdio2.h ****    Copyright (C) 2004-2022 Free Software Foundation, Inc.
   3:/usr/include/x86_64-linux-gnu/bits/stdio2.h ****    This file is part of the GNU C Library.
   4:/usr/include/x86_64-linux-gnu/bits/stdio2.h **** 
   5:/usr/include/x86_64-linux-gnu/bits/stdio2.h ****    The GNU C Library is free software; you can redistribute it and/or
   6:/usr/include/x86_64-linux-gnu/bits/stdio2.h ****    modify it under the terms of the GNU Lesser General Public
   7:/usr/include/x86_64-linux-gnu/bits/stdio2.h ****    License as published by the Free Software Foundation; either
   8:/usr/include/x86_64-linux-gnu/bits/stdio2.h ****    version 2.1 of the License, or (at your option) any later version.
   9:/usr/include/x86_64-linux-gnu/bits/stdio2.h **** 
  10:/usr/include/x86_64-linux-gnu/bits/stdio2.h ****    The GNU C Library is distributed in the hope that it will be useful,
  11:/usr/include/x86_64-linux-gnu/bits/stdio2.h ****    but WITHOUT ANY WARRANTY; without even the implied warranty of
  12:/usr/include/x86_64-linux-gnu/bits/stdio2.h ****    MERCHANTABILITY or FITNESS FOR A PARTICULAR PURPOSE.  See the GNU
  13:/usr/include/x86_64-linux-gnu/bits/stdio2.h ****    Lesser General Public License for more details.
  14:/usr/include/x86_64-linux-gnu/bits/stdio2.h **** 
  15:/usr/include/x86_64-linux-gnu/bits/stdio2.h ****    You should have received a copy of the GNU Lesser General Public
  16:/usr/include/x86_64-linux-gnu/bits/stdio2.h ****    License along with the GNU C Library; if not, see
  17:/usr/include/x86_64-linux-gnu/bits/stdio2.h ****    <https://www.gnu.org/licenses/>.  */
  18:/usr/include/x86_64-linux-gnu/bits/stdio2.h **** 
  19:/usr/include/x86_64-linux-gnu/bits/stdio2.h **** #ifndef _BITS_STDIO2_H
GAS LISTING /tmp/ccYqyADg.s 			page 42


  20:/usr/include/x86_64-linux-gnu/bits/stdio2.h **** #define _BITS_STDIO2_H 1
  21:/usr/include/x86_64-linux-gnu/bits/stdio2.h **** 
  22:/usr/include/x86_64-linux-gnu/bits/stdio2.h **** #ifndef _STDIO_H
  23:/usr/include/x86_64-linux-gnu/bits/stdio2.h **** # error "Never include <bits/stdio2.h> directly; use <stdio.h> instead."
  24:/usr/include/x86_64-linux-gnu/bits/stdio2.h **** #endif
  25:/usr/include/x86_64-linux-gnu/bits/stdio2.h **** 
  26:/usr/include/x86_64-linux-gnu/bits/stdio2.h **** extern int __sprintf_chk (char *__restrict __s, int __flag, size_t __slen,
  27:/usr/include/x86_64-linux-gnu/bits/stdio2.h **** 			  const char *__restrict __format, ...) __THROW
  28:/usr/include/x86_64-linux-gnu/bits/stdio2.h ****     __attr_access ((__write_only__, 1, 3));
  29:/usr/include/x86_64-linux-gnu/bits/stdio2.h **** extern int __vsprintf_chk (char *__restrict __s, int __flag, size_t __slen,
  30:/usr/include/x86_64-linux-gnu/bits/stdio2.h **** 			   const char *__restrict __format,
  31:/usr/include/x86_64-linux-gnu/bits/stdio2.h **** 			   __gnuc_va_list __ap) __THROW
  32:/usr/include/x86_64-linux-gnu/bits/stdio2.h ****     __attr_access ((__write_only__, 1, 3));
  33:/usr/include/x86_64-linux-gnu/bits/stdio2.h **** 
  34:/usr/include/x86_64-linux-gnu/bits/stdio2.h **** #ifdef __va_arg_pack
  35:/usr/include/x86_64-linux-gnu/bits/stdio2.h **** __fortify_function int
  36:/usr/include/x86_64-linux-gnu/bits/stdio2.h **** __NTH (sprintf (char *__restrict __s, const char *__restrict __fmt, ...))
  37:/usr/include/x86_64-linux-gnu/bits/stdio2.h **** {
  38:/usr/include/x86_64-linux-gnu/bits/stdio2.h ****   return __builtin___sprintf_chk (__s, __USE_FORTIFY_LEVEL - 1,
  39:/usr/include/x86_64-linux-gnu/bits/stdio2.h **** 				  __glibc_objsize (__s), __fmt,
  40:/usr/include/x86_64-linux-gnu/bits/stdio2.h **** 				  __va_arg_pack ());
  41:/usr/include/x86_64-linux-gnu/bits/stdio2.h **** }
  42:/usr/include/x86_64-linux-gnu/bits/stdio2.h **** #elif !defined __cplusplus
  43:/usr/include/x86_64-linux-gnu/bits/stdio2.h **** # define sprintf(str, ...) \
  44:/usr/include/x86_64-linux-gnu/bits/stdio2.h ****   __builtin___sprintf_chk (str, __USE_FORTIFY_LEVEL - 1,		      \
  45:/usr/include/x86_64-linux-gnu/bits/stdio2.h **** 			   __glibc_objsize (str), __VA_ARGS__)
  46:/usr/include/x86_64-linux-gnu/bits/stdio2.h **** #endif
  47:/usr/include/x86_64-linux-gnu/bits/stdio2.h **** 
  48:/usr/include/x86_64-linux-gnu/bits/stdio2.h **** __fortify_function int
  49:/usr/include/x86_64-linux-gnu/bits/stdio2.h **** __NTH (vsprintf (char *__restrict __s, const char *__restrict __fmt,
  50:/usr/include/x86_64-linux-gnu/bits/stdio2.h **** 		 __gnuc_va_list __ap))
  51:/usr/include/x86_64-linux-gnu/bits/stdio2.h **** {
  52:/usr/include/x86_64-linux-gnu/bits/stdio2.h ****   return __builtin___vsprintf_chk (__s, __USE_FORTIFY_LEVEL - 1,
  53:/usr/include/x86_64-linux-gnu/bits/stdio2.h **** 				   __glibc_objsize (__s), __fmt, __ap);
  54:/usr/include/x86_64-linux-gnu/bits/stdio2.h **** }
  55:/usr/include/x86_64-linux-gnu/bits/stdio2.h **** 
  56:/usr/include/x86_64-linux-gnu/bits/stdio2.h **** #if defined __USE_ISOC99 || defined __USE_UNIX98
  57:/usr/include/x86_64-linux-gnu/bits/stdio2.h **** 
  58:/usr/include/x86_64-linux-gnu/bits/stdio2.h **** extern int __snprintf_chk (char *__restrict __s, size_t __n, int __flag,
  59:/usr/include/x86_64-linux-gnu/bits/stdio2.h **** 			   size_t __slen, const char *__restrict __format,
  60:/usr/include/x86_64-linux-gnu/bits/stdio2.h **** 			   ...) __THROW
  61:/usr/include/x86_64-linux-gnu/bits/stdio2.h ****     __attr_access ((__write_only__, 1, 2));
  62:/usr/include/x86_64-linux-gnu/bits/stdio2.h **** extern int __vsnprintf_chk (char *__restrict __s, size_t __n, int __flag,
  63:/usr/include/x86_64-linux-gnu/bits/stdio2.h **** 			    size_t __slen, const char *__restrict __format,
  64:/usr/include/x86_64-linux-gnu/bits/stdio2.h **** 			    __gnuc_va_list __ap) __THROW;
  65:/usr/include/x86_64-linux-gnu/bits/stdio2.h **** 
  66:/usr/include/x86_64-linux-gnu/bits/stdio2.h **** # ifdef __va_arg_pack
  67:/usr/include/x86_64-linux-gnu/bits/stdio2.h **** __fortify_function int
  68:/usr/include/x86_64-linux-gnu/bits/stdio2.h **** __NTH (snprintf (char *__restrict __s, size_t __n,
  69:/usr/include/x86_64-linux-gnu/bits/stdio2.h **** 		 const char *__restrict __fmt, ...))
  70:/usr/include/x86_64-linux-gnu/bits/stdio2.h **** {
  71:/usr/include/x86_64-linux-gnu/bits/stdio2.h ****   return __builtin___snprintf_chk (__s, __n, __USE_FORTIFY_LEVEL - 1,
  72:/usr/include/x86_64-linux-gnu/bits/stdio2.h **** 				   __glibc_objsize (__s), __fmt,
  73:/usr/include/x86_64-linux-gnu/bits/stdio2.h **** 				   __va_arg_pack ());
  74:/usr/include/x86_64-linux-gnu/bits/stdio2.h **** }
  75:/usr/include/x86_64-linux-gnu/bits/stdio2.h **** # elif !defined __cplusplus
  76:/usr/include/x86_64-linux-gnu/bits/stdio2.h **** #  define snprintf(str, len, ...) \
GAS LISTING /tmp/ccYqyADg.s 			page 43


  77:/usr/include/x86_64-linux-gnu/bits/stdio2.h ****   __builtin___snprintf_chk (str, len, __USE_FORTIFY_LEVEL - 1,		      \
  78:/usr/include/x86_64-linux-gnu/bits/stdio2.h **** 			    __glibc_objsize (str), __VA_ARGS__)
  79:/usr/include/x86_64-linux-gnu/bits/stdio2.h **** # endif
  80:/usr/include/x86_64-linux-gnu/bits/stdio2.h **** 
  81:/usr/include/x86_64-linux-gnu/bits/stdio2.h **** __fortify_function int
  82:/usr/include/x86_64-linux-gnu/bits/stdio2.h **** __NTH (vsnprintf (char *__restrict __s, size_t __n,
  83:/usr/include/x86_64-linux-gnu/bits/stdio2.h **** 		  const char *__restrict __fmt, __gnuc_va_list __ap))
  84:/usr/include/x86_64-linux-gnu/bits/stdio2.h **** {
  85:/usr/include/x86_64-linux-gnu/bits/stdio2.h ****   return __builtin___vsnprintf_chk (__s, __n, __USE_FORTIFY_LEVEL - 1,
  86:/usr/include/x86_64-linux-gnu/bits/stdio2.h **** 				    __glibc_objsize (__s), __fmt, __ap);
  87:/usr/include/x86_64-linux-gnu/bits/stdio2.h **** }
  88:/usr/include/x86_64-linux-gnu/bits/stdio2.h **** 
  89:/usr/include/x86_64-linux-gnu/bits/stdio2.h **** #endif
  90:/usr/include/x86_64-linux-gnu/bits/stdio2.h **** 
  91:/usr/include/x86_64-linux-gnu/bits/stdio2.h **** #if __USE_FORTIFY_LEVEL > 1
  92:/usr/include/x86_64-linux-gnu/bits/stdio2.h **** 
  93:/usr/include/x86_64-linux-gnu/bits/stdio2.h **** extern int __fprintf_chk (FILE *__restrict __stream, int __flag,
  94:/usr/include/x86_64-linux-gnu/bits/stdio2.h **** 			  const char *__restrict __format, ...);
  95:/usr/include/x86_64-linux-gnu/bits/stdio2.h **** extern int __printf_chk (int __flag, const char *__restrict __format, ...);
  96:/usr/include/x86_64-linux-gnu/bits/stdio2.h **** extern int __vfprintf_chk (FILE *__restrict __stream, int __flag,
  97:/usr/include/x86_64-linux-gnu/bits/stdio2.h **** 			   const char *__restrict __format, __gnuc_va_list __ap);
  98:/usr/include/x86_64-linux-gnu/bits/stdio2.h **** extern int __vprintf_chk (int __flag, const char *__restrict __format,
  99:/usr/include/x86_64-linux-gnu/bits/stdio2.h **** 			  __gnuc_va_list __ap);
 100:/usr/include/x86_64-linux-gnu/bits/stdio2.h **** 
 101:/usr/include/x86_64-linux-gnu/bits/stdio2.h **** # ifdef __va_arg_pack
 102:/usr/include/x86_64-linux-gnu/bits/stdio2.h **** __fortify_function int
 103:/usr/include/x86_64-linux-gnu/bits/stdio2.h **** fprintf (FILE *__restrict __stream, const char *__restrict __fmt, ...)
 104:/usr/include/x86_64-linux-gnu/bits/stdio2.h **** {
 105:/usr/include/x86_64-linux-gnu/bits/stdio2.h ****   return __fprintf_chk (__stream, __USE_FORTIFY_LEVEL - 1, __fmt,
 106:/usr/include/x86_64-linux-gnu/bits/stdio2.h **** 			__va_arg_pack ());
 107:/usr/include/x86_64-linux-gnu/bits/stdio2.h **** }
 108:/usr/include/x86_64-linux-gnu/bits/stdio2.h **** 
 109:/usr/include/x86_64-linux-gnu/bits/stdio2.h **** __fortify_function int
 110:/usr/include/x86_64-linux-gnu/bits/stdio2.h **** printf (const char *__restrict __fmt, ...)
 1167              		.loc 2 110 1 discriminator 3 view .LVU345
 1168              	.LBB71:
 111:/usr/include/x86_64-linux-gnu/bits/stdio2.h **** {
 112:/usr/include/x86_64-linux-gnu/bits/stdio2.h ****   return __printf_chk (__USE_FORTIFY_LEVEL - 1, __fmt, __va_arg_pack ());
 1169              		.loc 2 112 3 discriminator 3 view .LVU346
 1170              		.loc 2 112 10 is_stmt 0 discriminator 3 view .LVU347
 1171 001b 488D3500 		leaq	.LC0(%rip), %rsi
 1171      000000
 1172 0022 BF010000 		movl	$1, %edi
 1172      00
 1173 0027 B8000000 		movl	$0, %eax
 1173      00
 1174 002c E8000000 		call	__printf_chk@PLT
 1174      00
 1175              	.LVL124:
 1176              		.loc 2 112 10 discriminator 3 view .LVU348
 1177              	.LBE71:
 1178              	.LBE70:
  94:kved.c        **** 		printf("%02X",*p);
 1179              		.loc 1 94 51 is_stmt 1 discriminator 3 view .LVU349
  94:kved.c        **** 		printf("%02X",*p);
 1180              		.loc 1 94 49 is_stmt 0 discriminator 3 view .LVU350
 1181 0031 83C301   		addl	$1, %ebx
GAS LISTING /tmp/ccYqyADg.s 			page 44


 1182              	.LVL125:
  94:kved.c        **** 		printf("%02X",*p);
 1183              		.loc 1 94 54 discriminator 3 view .LVU351
 1184 0034 4883ED01 		subq	$1, %rbp
 1185              	.LVL126:
 1186              	.L79:
  94:kved.c        **** 		printf("%02X",*p);
 1187              		.loc 1 94 24 is_stmt 1 discriminator 1 view .LVU352
 1188 0038 80FB07   		cmpb	$7, %bl
 1189 003b 76DA     		jbe	.L80
  94:kved.c        **** 		printf("%02X",*p);
 1190              		.loc 1 94 24 is_stmt 0 discriminator 1 view .LVU353
 1191              	.LBE72:
  96:kved.c        **** 
 1192              		.loc 1 96 1 view .LVU354
 1193 003d 4883C418 		addq	$24, %rsp
 1194              		.cfi_def_cfa_offset 24
 1195 0041 5B       		popq	%rbx
 1196              		.cfi_def_cfa_offset 16
 1197              	.LVL127:
  96:kved.c        **** 
 1198              		.loc 1 96 1 view .LVU355
 1199 0042 5D       		popq	%rbp
 1200              		.cfi_def_cfa_offset 8
 1201              	.LVL128:
  96:kved.c        **** 
 1202              		.loc 1 96 1 view .LVU356
 1203 0043 C3       		ret
 1204              		.cfi_endproc
 1205              	.LFE38:
 1207              		.section	.text.kved_print_ascii,"ax",@progbits
 1209              	kved_print_ascii:
 1210              	.LVL129:
 1211              	.LFB39:
  99:kved.c        **** 	uint8_t *p = (uint8_t *) &val;
 1212              		.loc 1 99 1 is_stmt 1 view -0
 1213              		.cfi_startproc
  99:kved.c        **** 	uint8_t *p = (uint8_t *) &val;
 1214              		.loc 1 99 1 is_stmt 0 view .LVU358
 1215 0000 4155     		pushq	%r13
 1216              		.cfi_def_cfa_offset 16
 1217              		.cfi_offset 13, -16
 1218 0002 4154     		pushq	%r12
 1219              		.cfi_def_cfa_offset 24
 1220              		.cfi_offset 12, -24
 1221 0004 55       		pushq	%rbp
 1222              		.cfi_def_cfa_offset 32
 1223              		.cfi_offset 6, -32
 1224 0005 53       		pushq	%rbx
 1225              		.cfi_def_cfa_offset 40
 1226              		.cfi_offset 3, -40
 1227 0006 4883EC18 		subq	$24, %rsp
 1228              		.cfi_def_cfa_offset 64
 1229 000a 48897C24 		movq	%rdi, 8(%rsp)
 1229      08
 1230 000f 4989F4   		movq	%rsi, %r12
 1231 0012 4189D5   		movl	%edx, %r13d
GAS LISTING /tmp/ccYqyADg.s 			page 45


 100:kved.c        **** 
 1232              		.loc 1 100 2 is_stmt 1 view .LVU359
 1233              	.LVL130:
 102:kved.c        **** 		p += size - 1;
 1234              		.loc 1 102 2 view .LVU360
 102:kved.c        **** 		p += size - 1;
 1235              		.loc 1 102 4 is_stmt 0 view .LVU361
 1236 0015 84D2     		testb	%dl, %dl
 1237 0017 7452     		je	.L90
 103:kved.c        **** 
 1238              		.loc 1 103 3 is_stmt 1 view .LVU362
 103:kved.c        **** 
 1239              		.loc 1 103 5 is_stmt 0 view .LVU363
 1240 0019 488D6C34 		leaq	7(%rsp,%rsi), %rbp
 1240      07
 1241              	.LVL131:
 1242              	.L83:
 100:kved.c        **** 
 1243              		.loc 1 100 11 discriminator 1 view .LVU364
 1244 001e BB000000 		movl	$0, %ebx
 1244      00
 1245 0023 EB13     		jmp	.L88
 1246              	.LVL132:
 1247              	.L84:
 1248              	.LBB73:
 113:kved.c        **** 		}
 1249              		.loc 1 113 4 is_stmt 1 view .LVU365
 1250              	.LBB74:
 1251              	.LBI74:
 110:/usr/include/x86_64-linux-gnu/bits/stdio2.h **** {
 1252              		.loc 2 110 1 view .LVU366
 1253              	.LBB75:
 1254              		.loc 2 112 3 view .LVU367
 1255              		.loc 2 112 10 is_stmt 0 view .LVU368
 1256 0025 BF2E0000 		movl	$46, %edi
 1256      00
 1257 002a E8000000 		call	putchar@PLT
 1257      00
 1258              	.LVL133:
 1259 002f EB2F     		jmp	.L85
 1260              	.LVL134:
 1261              	.L86:
 1262              		.loc 2 112 10 view .LVU369
 1263              	.LBE75:
 1264              	.LBE74:
 119:kved.c        **** 	}
 1265              		.loc 1 119 4 is_stmt 1 view .LVU370
 119:kved.c        **** 	}
 1266              		.loc 1 119 5 is_stmt 0 view .LVU371
 1267 0031 4883C501 		addq	$1, %rbp
 1268              	.LVL135:
 1269              	.L87:
 105:kved.c        **** 	{
 1270              		.loc 1 105 34 is_stmt 1 discriminator 2 view .LVU372
 1271 0035 83C301   		addl	$1, %ebx
 1272              	.LVL136:
 1273              	.L88:
GAS LISTING /tmp/ccYqyADg.s 			page 46


 105:kved.c        **** 	{
 1274              		.loc 1 105 24 discriminator 1 view .LVU373
 1275 0038 0FB6C3   		movzbl	%bl, %eax
 1276 003b 4C39E0   		cmpq	%r12, %rax
 1277 003e 7332     		jnb	.L92
 107:kved.c        **** 		{
 1278              		.loc 1 107 3 view .LVU374
 107:kved.c        **** 		{
 1279              		.loc 1 107 6 is_stmt 0 view .LVU375
 1280 0040 E8000000 		call	__ctype_b_loc@PLT
 1280      00
 1281              	.LVL137:
 1282 0045 488B00   		movq	(%rax), %rax
 1283 0048 0FB67D00 		movzbl	0(%rbp), %edi
 1284 004c 400FB6D7 		movzbl	%dil, %edx
 107:kved.c        **** 		{
 1285              		.loc 1 107 5 view .LVU376
 1286 0050 F6445001 		testb	$64, 1(%rax,%rdx,2)
 1286      40
 1287 0055 74CE     		je	.L84
 109:kved.c        **** 		}
 1288              		.loc 1 109 4 is_stmt 1 view .LVU377
 1289 0057 400FB6FF 		movzbl	%dil, %edi
 1290              	.LVL138:
 1291              	.LBB76:
 1292              	.LBI76:
 110:/usr/include/x86_64-linux-gnu/bits/stdio2.h **** {
 1293              		.loc 2 110 1 view .LVU378
 1294              	.LBB77:
 1295              		.loc 2 112 3 view .LVU379
 1296              		.loc 2 112 10 is_stmt 0 view .LVU380
 1297 005b E8000000 		call	putchar@PLT
 1297      00
 1298              	.LVL139:
 1299              	.L85:
 1300              		.loc 2 112 10 view .LVU381
 1301              	.LBE77:
 1302              	.LBE76:
 116:kved.c        **** 			p--;
 1303              		.loc 1 116 3 is_stmt 1 view .LVU382
 116:kved.c        **** 			p--;
 1304              		.loc 1 116 5 is_stmt 0 view .LVU383
 1305 0060 4584ED   		testb	%r13b, %r13b
 1306 0063 74CC     		je	.L86
 117:kved.c        **** 		else
 1307              		.loc 1 117 4 is_stmt 1 view .LVU384
 117:kved.c        **** 		else
 1308              		.loc 1 117 5 is_stmt 0 view .LVU385
 1309 0065 4883ED01 		subq	$1, %rbp
 1310              	.LVL140:
 117:kved.c        **** 		else
 1311              		.loc 1 117 5 view .LVU386
 1312 0069 EBCA     		jmp	.L87
 1313              	.LVL141:
 1314              	.L90:
 117:kved.c        **** 		else
 1315              		.loc 1 117 5 view .LVU387
GAS LISTING /tmp/ccYqyADg.s 			page 47


 1316              	.LBE73:
 100:kved.c        **** 
 1317              		.loc 1 100 11 view .LVU388
 1318 006b 488D6C24 		leaq	8(%rsp), %rbp
 1318      08
 1319              	.LVL142:
 100:kved.c        **** 
 1320              		.loc 1 100 11 view .LVU389
 1321 0070 EBAC     		jmp	.L83
 1322              	.LVL143:
 1323              	.L92:
 121:kved.c        **** 
 1324              		.loc 1 121 1 view .LVU390
 1325 0072 4883C418 		addq	$24, %rsp
 1326              		.cfi_def_cfa_offset 40
 1327 0076 5B       		popq	%rbx
 1328              		.cfi_def_cfa_offset 32
 1329              	.LVL144:
 121:kved.c        **** 
 1330              		.loc 1 121 1 view .LVU391
 1331 0077 5D       		popq	%rbp
 1332              		.cfi_def_cfa_offset 24
 1333              	.LVL145:
 121:kved.c        **** 
 1334              		.loc 1 121 1 view .LVU392
 1335 0078 415C     		popq	%r12
 1336              		.cfi_def_cfa_offset 16
 1337              	.LVL146:
 121:kved.c        **** 
 1338              		.loc 1 121 1 view .LVU393
 1339 007a 415D     		popq	%r13
 1340              		.cfi_def_cfa_offset 8
 1341              	.LVL147:
 121:kved.c        **** 
 1342              		.loc 1 121 1 view .LVU394
 1343 007c C3       		ret
 1344              		.cfi_endproc
 1345              	.LFE39:
 1347              		.section	.rodata.kved_internal_dump.str1.8,"aMS",@progbits,1
 1348              		.align 8
 1349              	.LC1:
 1350 0000 48445220 		.string	"HDR (SEC %c)     SIGNATURE        COUNTER\r\n"
 1350      28534543 
 1350      20256329 
 1350      20202020 
 1350      20534947 
 1351              		.section	.rodata.kved_internal_dump.str1.1,"aMS",@progbits,1
 1352              	.LC2:
 1353 0000 4954454D 		.string	"ITEM IDX TYP SZ "
 1353      20494458 
 1353      20545950 
 1353      20535A20 
 1353      00
 1354              	.LC3:
 1355 0011 0D00     		.string	"\r"
 1356              	.LC4:
 1357 0013 44454C20 		.string	"DEL  "
GAS LISTING /tmp/ccYqyADg.s 			page 48


 1357      2000
 1358              	.LC5:
 1359 0019 46524545 		.string	"FREE "
 1359      2000
 1360              	.LC6:
 1361 001f 45525231 		.string	"ERR1 "
 1361      2000
 1362              	.LC7:
 1363 0025 55534544 		.string	"USED "
 1363      2000
 1364              	.LC8:
 1365 002b 25303364 		.string	"%03d        "
 1365      20202020 
 1365      20202020 
 1365      00
 1366              	.LC9:
 1367 0038 25303364 		.string	"%03d %3s %02d "
 1367      20253373 
 1367      20253032 
 1367      642000
 1368              		.section	.rodata.kved_internal_dump.str1.8
 1369 002c 00000000 		.align 8
 1370              	.LC10:
 1371 0030 544F5441 		.string	"TOTAL %d USED %d DELETED %d FREE %d\r\n\r\n"
 1371      4C202564 
 1371      20555345 
 1371      44202564 
 1371      2044454C 
 1372              		.section	.text.kved_internal_dump,"ax",@progbits
 1374              	kved_internal_dump:
 1375              	.LVL148:
 1376              	.LFB40:
 124:kved.c        **** 	bool first_free_printed = false;
 1377              		.loc 1 124 1 is_stmt 1 view -0
 1378              		.cfi_startproc
 124:kved.c        **** 	bool first_free_printed = false;
 1379              		.loc 1 124 1 is_stmt 0 view .LVU396
 1380 0000 4157     		pushq	%r15
 1381              		.cfi_def_cfa_offset 16
 1382              		.cfi_offset 15, -16
 1383 0002 4156     		pushq	%r14
 1384              		.cfi_def_cfa_offset 24
 1385              		.cfi_offset 14, -24
 1386 0004 4155     		pushq	%r13
 1387              		.cfi_def_cfa_offset 32
 1388              		.cfi_offset 13, -32
 1389 0006 4154     		pushq	%r12
 1390              		.cfi_def_cfa_offset 40
 1391              		.cfi_offset 12, -40
 1392 0008 55       		pushq	%rbp
 1393              		.cfi_def_cfa_offset 48
 1394              		.cfi_offset 6, -48
 1395 0009 53       		pushq	%rbx
 1396              		.cfi_def_cfa_offset 56
 1397              		.cfi_offset 3, -56
 1398 000a 4883EC18 		subq	$24, %rsp
 1399              		.cfi_def_cfa_offset 80
GAS LISTING /tmp/ccYqyADg.s 			page 49


 1400 000e 4989FD   		movq	%rdi, %r13
 125:kved.c        **** 	kved_word_t hdr = kved_flash_data_read(ctrl->sector,0);
 1401              		.loc 1 125 2 is_stmt 1 view .LVU397
 1402              	.LVL149:
 126:kved.c        **** 	kved_word_t cnt = kved_flash_data_read(ctrl->sector,1);
 1403              		.loc 1 126 2 view .LVU398
 126:kved.c        **** 	kved_word_t cnt = kved_flash_data_read(ctrl->sector,1);
 1404              		.loc 1 126 20 is_stmt 0 view .LVU399
 1405 0011 8B7F10   		movl	16(%rdi), %edi
 1406              	.LVL150:
 126:kved.c        **** 	kved_word_t cnt = kved_flash_data_read(ctrl->sector,1);
 1407              		.loc 1 126 20 view .LVU400
 1408 0014 BE000000 		movl	$0, %esi
 1408      00
 1409 0019 E8000000 		call	kved_flash_data_read@PLT
 1409      00
 1410              	.LVL151:
 1411 001e 4889C5   		movq	%rax, %rbp
 1412              	.LVL152:
 127:kved.c        **** 
 1413              		.loc 1 127 2 is_stmt 1 view .LVU401
 127:kved.c        **** 
 1414              		.loc 1 127 20 is_stmt 0 view .LVU402
 1415 0021 418B7D10 		movl	16(%r13), %edi
 1416 0025 BE010000 		movl	$1, %esi
 1416      00
 1417 002a E8000000 		call	kved_flash_data_read@PLT
 1417      00
 1418              	.LVL153:
 127:kved.c        **** 
 1419              		.loc 1 127 20 view .LVU403
 1420 002f 4889C3   		movq	%rax, %rbx
 1421              	.LVL154:
 130:kved.c        **** #else
 1422              		.loc 1 130 2 is_stmt 1 view .LVU404
 1423 0032 41837D10 		cmpl	$0, 16(%r13)
 1423      00
 1424 0037 7566     		jne	.L104
 1425 0039 BA410000 		movl	$65, %edx
 1425      00
 1426              	.L94:
 1427              	.LVL155:
 1428              	.LBB78:
 1429              	.LBI78:
 110:/usr/include/x86_64-linux-gnu/bits/stdio2.h **** {
 1430              		.loc 2 110 1 discriminator 4 view .LVU405
 1431              	.LBB79:
 1432              		.loc 2 112 3 discriminator 4 view .LVU406
 1433              		.loc 2 112 10 is_stmt 0 discriminator 4 view .LVU407
 1434 003e 488D3500 		leaq	.LC1(%rip), %rsi
 1434      000000
 1435 0045 BF010000 		movl	$1, %edi
 1435      00
 1436 004a B8000000 		movl	$0, %eax
 1436      00
 1437              	.LVL156:
 1438              		.loc 2 112 10 discriminator 4 view .LVU408
GAS LISTING /tmp/ccYqyADg.s 			page 50


 1439 004f E8000000 		call	__printf_chk@PLT
 1439      00
 1440              	.LVL157:
 1441              		.loc 2 112 10 discriminator 4 view .LVU409
 1442              	.LBE79:
 1443              	.LBE78:
 135:kved.c        **** 	kved_print(hdr);
 1444              		.loc 1 135 2 is_stmt 1 discriminator 4 view .LVU410
 1445              	.LBB80:
 1446              	.LBI80:
 110:/usr/include/x86_64-linux-gnu/bits/stdio2.h **** {
 1447              		.loc 2 110 1 discriminator 4 view .LVU411
 1448              	.LBB81:
 1449              		.loc 2 112 3 discriminator 4 view .LVU412
 1450              		.loc 2 112 10 is_stmt 0 discriminator 4 view .LVU413
 1451 0054 488D3500 		leaq	.LC2(%rip), %rsi
 1451      000000
 1452 005b BF010000 		movl	$1, %edi
 1452      00
 1453 0060 B8000000 		movl	$0, %eax
 1453      00
 1454 0065 E8000000 		call	__printf_chk@PLT
 1454      00
 1455              	.LVL158:
 1456              		.loc 2 112 10 discriminator 4 view .LVU414
 1457              	.LBE81:
 1458              	.LBE80:
 136:kved.c        **** 	printf(" ");
 1459              		.loc 1 136 2 is_stmt 1 discriminator 4 view .LVU415
 1460 006a 4889EF   		movq	%rbp, %rdi
 1461 006d E8000000 		call	kved_print
 1461      00
 1462              	.LVL159:
 137:kved.c        **** 	kved_print(cnt);
 1463              		.loc 1 137 2 discriminator 4 view .LVU416
 1464              	.LBB82:
 1465              	.LBI82:
 110:/usr/include/x86_64-linux-gnu/bits/stdio2.h **** {
 1466              		.loc 2 110 1 discriminator 4 view .LVU417
 1467              	.LBB83:
 1468              		.loc 2 112 3 discriminator 4 view .LVU418
 1469              		.loc 2 112 10 is_stmt 0 discriminator 4 view .LVU419
 1470 0072 BF200000 		movl	$32, %edi
 1470      00
 1471 0077 E8000000 		call	putchar@PLT
 1471      00
 1472              	.LVL160:
 1473              		.loc 2 112 10 discriminator 4 view .LVU420
 1474              	.LBE83:
 1475              	.LBE82:
 138:kved.c        **** 	printf("\r\n");
 1476              		.loc 1 138 2 is_stmt 1 discriminator 4 view .LVU421
 1477 007c 4889DF   		movq	%rbx, %rdi
 1478 007f E8000000 		call	kved_print
 1478      00
 1479              	.LVL161:
 139:kved.c        **** 
GAS LISTING /tmp/ccYqyADg.s 			page 51


 1480              		.loc 1 139 2 discriminator 4 view .LVU422
 1481              	.LBB84:
 1482              	.LBI84:
 110:/usr/include/x86_64-linux-gnu/bits/stdio2.h **** {
 1483              		.loc 2 110 1 discriminator 4 view .LVU423
 1484              	.LBB85:
 1485              		.loc 2 112 3 discriminator 4 view .LVU424
 1486              		.loc 2 112 10 is_stmt 0 discriminator 4 view .LVU425
 1487 0084 488D3D00 		leaq	.LC3(%rip), %rdi
 1487      000000
 1488 008b E8000000 		call	puts@PLT
 1488      00
 1489              	.LVL162:
 1490              		.loc 2 112 10 discriminator 4 view .LVU426
 1491              	.LBE85:
 1492              	.LBE84:
 141:kved.c        **** 	{
 1493              		.loc 1 141 2 is_stmt 1 discriminator 4 view .LVU427
 1494              	.LBB86:
 141:kved.c        **** 	{
 1495              		.loc 1 141 6 discriminator 4 view .LVU428
 141:kved.c        **** 	{
 1496              		.loc 1 141 15 is_stmt 0 discriminator 4 view .LVU429
 1497 0090 450FB765 		movzwl	0(%r13), %r12d
 1497      00
 1498              	.LVL163:
 141:kved.c        **** 	{
 1499              		.loc 1 141 15 discriminator 4 view .LVU430
 1500              	.LBE86:
 125:kved.c        **** 	kved_word_t hdr = kved_flash_data_read(ctrl->sector,0);
 1501              		.loc 1 125 7 discriminator 4 view .LVU431
 1502 0095 C644240F 		movb	$0, 15(%rsp)
 1502      00
 1503              	.LBB109:
 141:kved.c        **** 	{
 1504              		.loc 1 141 2 discriminator 4 view .LVU432
 1505 009a E9C00000 		jmp	.L95
 1505      00
 1506              	.LVL164:
 1507              	.L104:
 141:kved.c        **** 	{
 1508              		.loc 1 141 2 discriminator 4 view .LVU433
 1509              	.LBE109:
 130:kved.c        **** #else
 1510              		.loc 1 130 2 view .LVU434
 1511 009f BA420000 		movl	$66, %edx
 1511      00
 1512 00a4 EB98     		jmp	.L94
 1513              	.LVL165:
 1514              	.L106:
 1515              	.LBB110:
 1516              	.LBB87:
 148:kved.c        **** 		}
 1517              		.loc 1 148 4 is_stmt 1 view .LVU435
 1518              	.LBB88:
 1519              	.LBI88:
 110:/usr/include/x86_64-linux-gnu/bits/stdio2.h **** {
GAS LISTING /tmp/ccYqyADg.s 			page 52


 1520              		.loc 2 110 1 view .LVU436
 1521              	.LBB89:
 1522              		.loc 2 112 3 view .LVU437
 1523              		.loc 2 112 10 is_stmt 0 view .LVU438
 1524 00a6 488D3500 		leaq	.LC4(%rip), %rsi
 1524      000000
 1525 00ad BF010000 		movl	$1, %edi
 1525      00
 1526 00b2 B8000000 		movl	$0, %eax
 1526      00
 1527              	.LVL166:
 1528              		.loc 2 112 10 view .LVU439
 1529 00b7 E8000000 		call	__printf_chk@PLT
 1529      00
 1530              	.LVL167:
 1531              	.L97:
 1532              		.loc 2 112 10 view .LVU440
 1533              	.LBE89:
 1534              	.LBE88:
 167:kved.c        **** 		uint8_t type = KVED_HDR_MASK_TYPE(key);
 1535              		.loc 1 167 3 is_stmt 1 view .LVU441
 167:kved.c        **** 		uint8_t type = KVED_HDR_MASK_TYPE(key);
 1536              		.loc 1 167 11 is_stmt 0 view .LVU442
 1537 00bc 4189D8   		movl	%ebx, %r8d
 1538 00bf 4183E00F 		andl	$15, %r8d
 1539              	.LVL168:
 168:kved.c        **** 
 1540              		.loc 1 168 3 is_stmt 1 view .LVU443
 168:kved.c        **** 
 1541              		.loc 1 168 11 is_stmt 0 view .LVU444
 1542 00c3 4189DF   		movl	%ebx, %r15d
 1543 00c6 41C0EF04 		shrb	$4, %r15b
 1544              	.LVL169:
 170:kved.c        **** 		{
 1545              		.loc 1 170 3 is_stmt 1 view .LVU445
 170:kved.c        **** 		{
 1546              		.loc 1 170 11 is_stmt 0 view .LVU446
 1547 00ca 4883FDFF 		cmpq	$-1, %rbp
 1548 00ce 0F94C0   		sete	%al
 170:kved.c        **** 		{
 1549              		.loc 1 170 39 view .LVU447
 1550 00d1 4885DB   		testq	%rbx, %rbx
 1551 00d4 0F94C2   		sete	%dl
 170:kved.c        **** 		{
 1552              		.loc 1 170 5 view .LVU448
 1553 00d7 08D0     		orb	%dl, %al
 1554 00d9 0F842801 		je	.L100
 1554      0000
 172:kved.c        **** 		}
 1555              		.loc 1 172 4 is_stmt 1 view .LVU449
 1556              	.LVL170:
 1557              	.LBB90:
 1558              	.LBI90:
 110:/usr/include/x86_64-linux-gnu/bits/stdio2.h **** {
 1559              		.loc 2 110 1 view .LVU450
 1560              	.LBB91:
 1561              		.loc 2 112 3 view .LVU451
GAS LISTING /tmp/ccYqyADg.s 			page 53


 1562              		.loc 2 112 10 is_stmt 0 view .LVU452
 1563 00df 4489F2   		movl	%r14d, %edx
 1564 00e2 488D3500 		leaq	.LC8(%rip), %rsi
 1564      000000
 1565 00e9 BF010000 		movl	$1, %edi
 1565      00
 1566 00ee B8000000 		movl	$0, %eax
 1566      00
 1567 00f3 E8000000 		call	__printf_chk@PLT
 1567      00
 1568              	.LVL171:
 1569              	.L101:
 1570              		.loc 2 112 10 view .LVU453
 1571              	.LBE91:
 1572              	.LBE90:
 178:kved.c        **** 		printf(" ");
 1573              		.loc 1 178 3 is_stmt 1 discriminator 2 view .LVU454
 1574 00f8 4889DF   		movq	%rbx, %rdi
 1575 00fb E8000000 		call	kved_print
 1575      00
 1576              	.LVL172:
 179:kved.c        **** 		kved_print(val);
 1577              		.loc 1 179 3 discriminator 2 view .LVU455
 1578              	.LBB92:
 1579              	.LBI92:
 110:/usr/include/x86_64-linux-gnu/bits/stdio2.h **** {
 1580              		.loc 2 110 1 discriminator 2 view .LVU456
 1581              	.LBB93:
 1582              		.loc 2 112 3 discriminator 2 view .LVU457
 1583              		.loc 2 112 10 is_stmt 0 discriminator 2 view .LVU458
 1584 0100 BF200000 		movl	$32, %edi
 1584      00
 1585 0105 E8000000 		call	putchar@PLT
 1585      00
 1586              	.LVL173:
 1587              		.loc 2 112 10 discriminator 2 view .LVU459
 1588              	.LBE93:
 1589              	.LBE92:
 180:kved.c        **** 		printf(" ");
 1590              		.loc 1 180 3 is_stmt 1 discriminator 2 view .LVU460
 1591 010a 4889EF   		movq	%rbp, %rdi
 1592 010d E8000000 		call	kved_print
 1592      00
 1593              	.LVL174:
 181:kved.c        **** 		kved_print_ascii(key,KVED_FLASH_WORD_SIZE,true);
 1594              		.loc 1 181 3 discriminator 2 view .LVU461
 1595              	.LBB94:
 1596              	.LBI94:
 110:/usr/include/x86_64-linux-gnu/bits/stdio2.h **** {
 1597              		.loc 2 110 1 discriminator 2 view .LVU462
 1598              	.LBB95:
 1599              		.loc 2 112 3 discriminator 2 view .LVU463
 1600              		.loc 2 112 10 is_stmt 0 discriminator 2 view .LVU464
 1601 0112 BF200000 		movl	$32, %edi
 1601      00
 1602 0117 E8000000 		call	putchar@PLT
 1602      00
GAS LISTING /tmp/ccYqyADg.s 			page 54


 1603              	.LVL175:
 1604              		.loc 2 112 10 discriminator 2 view .LVU465
 1605              	.LBE95:
 1606              	.LBE94:
 182:kved.c        **** 		printf(" ");
 1607              		.loc 1 182 3 is_stmt 1 discriminator 2 view .LVU466
 1608 011c BA010000 		movl	$1, %edx
 1608      00
 1609 0121 BE080000 		movl	$8, %esi
 1609      00
 1610 0126 4889DF   		movq	%rbx, %rdi
 1611 0129 E8000000 		call	kved_print_ascii
 1611      00
 1612              	.LVL176:
 183:kved.c        **** 		kved_print_ascii(val,KVED_FLASH_WORD_SIZE,type == KVED_DATA_TYPE_STRING ? false : true);
 1613              		.loc 1 183 3 discriminator 2 view .LVU467
 1614              	.LBB96:
 1615              	.LBI96:
 110:/usr/include/x86_64-linux-gnu/bits/stdio2.h **** {
 1616              		.loc 2 110 1 discriminator 2 view .LVU468
 1617              	.LBB97:
 1618              		.loc 2 112 3 discriminator 2 view .LVU469
 1619              		.loc 2 112 10 is_stmt 0 discriminator 2 view .LVU470
 1620 012e BF200000 		movl	$32, %edi
 1620      00
 1621 0133 E8000000 		call	putchar@PLT
 1621      00
 1622              	.LVL177:
 1623              		.loc 2 112 10 discriminator 2 view .LVU471
 1624              	.LBE97:
 1625              	.LBE96:
 184:kved.c        **** 		printf("\r\n");
 1626              		.loc 1 184 3 is_stmt 1 discriminator 2 view .LVU472
 1627 0138 4180FF07 		cmpb	$7, %r15b
 1628 013c 0F95C2   		setne	%dl
 1629 013f 0FB6D2   		movzbl	%dl, %edx
 1630 0142 BE080000 		movl	$8, %esi
 1630      00
 1631 0147 4889EF   		movq	%rbp, %rdi
 1632 014a E8000000 		call	kved_print_ascii
 1632      00
 1633              	.LVL178:
 185:kved.c        **** 	}
 1634              		.loc 1 185 3 discriminator 2 view .LVU473
 1635              	.LBB98:
 1636              	.LBI98:
 110:/usr/include/x86_64-linux-gnu/bits/stdio2.h **** {
 1637              		.loc 2 110 1 discriminator 2 view .LVU474
 1638              	.LBB99:
 1639              		.loc 2 112 3 discriminator 2 view .LVU475
 1640              		.loc 2 112 10 is_stmt 0 discriminator 2 view .LVU476
 1641 014f 488D3D00 		leaq	.LC3(%rip), %rdi
 1641      000000
 1642 0156 E8000000 		call	puts@PLT
 1642      00
 1643              	.LVL179:
 1644              		.loc 2 112 10 discriminator 2 view .LVU477
GAS LISTING /tmp/ccYqyADg.s 			page 55


 1645              	.LBE99:
 1646              	.LBE98:
 1647              	.LBE87:
 141:kved.c        **** 	{
 1648              		.loc 1 141 99 is_stmt 1 discriminator 2 view .LVU478
 1649 015b 4183C402 		addl	$2, %r12d
 1650              	.LVL180:
 1651              	.L95:
 141:kved.c        **** 	{
 1652              		.loc 1 141 69 discriminator 1 view .LVU479
 1653 015f 66453965 		cmpw	%r12w, 4(%r13)
 1653      04
 1654 0164 0F82D000 		jb	.L102
 1654      0000
 141:kved.c        **** 	{
 1655              		.loc 1 141 69 is_stmt 0 discriminator 3 view .LVU480
 1656 016a 807C240F 		cmpb	$0, 15(%rsp)
 1656      00
 1657 016f 0F85C500 		jne	.L102
 1657      0000
 1658              	.LBB108:
 143:kved.c        **** 		kved_word_t val = kved_flash_data_read(ctrl->sector,index + 1);
 1659              		.loc 1 143 3 is_stmt 1 view .LVU481
 143:kved.c        **** 		kved_word_t val = kved_flash_data_read(ctrl->sector,index + 1);
 1660              		.loc 1 143 21 is_stmt 0 view .LVU482
 1661 0175 450FB7F4 		movzwl	%r12w, %r14d
 1662 0179 418B7D10 		movl	16(%r13), %edi
 1663 017d 4489F6   		movl	%r14d, %esi
 1664 0180 E8000000 		call	kved_flash_data_read@PLT
 1664      00
 1665              	.LVL181:
 1666 0185 4889C3   		movq	%rax, %rbx
 1667              	.LVL182:
 144:kved.c        **** 
 1668              		.loc 1 144 3 is_stmt 1 view .LVU483
 144:kved.c        **** 
 1669              		.loc 1 144 61 is_stmt 0 view .LVU484
 1670 0188 418D7424 		leal	1(%r12), %esi
 1670      01
 144:kved.c        **** 
 1671              		.loc 1 144 21 view .LVU485
 1672 018d 0FB7F6   		movzwl	%si, %esi
 1673 0190 418B7D10 		movl	16(%r13), %edi
 1674 0194 E8000000 		call	kved_flash_data_read@PLT
 1674      00
 1675              	.LVL183:
 144:kved.c        **** 
 1676              		.loc 1 144 21 view .LVU486
 1677 0199 4889C5   		movq	%rax, %rbp
 1678              	.LVL184:
 146:kved.c        **** 		{
 1679              		.loc 1 146 3 is_stmt 1 view .LVU487
 146:kved.c        **** 		{
 1680              		.loc 1 146 5 is_stmt 0 view .LVU488
 1681 019c 4885DB   		testq	%rbx, %rbx
 1682 019f 0F8401FF 		je	.L106
 1682      FFFF
GAS LISTING /tmp/ccYqyADg.s 			page 56


 150:kved.c        **** 		{
 1683              		.loc 1 150 8 is_stmt 1 view .LVU489
 150:kved.c        **** 		{
 1684              		.loc 1 150 10 is_stmt 0 view .LVU490
 1685 01a5 4883FBFF 		cmpq	$-1, %rbx
 1686 01a9 7541     		jne	.L98
 152:kved.c        **** 			{
 1687              		.loc 1 152 4 is_stmt 1 view .LVU491
 152:kved.c        **** 			{
 1688              		.loc 1 152 6 is_stmt 0 view .LVU492
 1689 01ab 4883F8FF 		cmpq	$-1, %rax
 1690 01af 741B     		je	.L107
 159:kved.c        **** 			}
 1691              		.loc 1 159 5 is_stmt 1 view .LVU493
 1692              	.LVL185:
 1693              	.LBB100:
 1694              	.LBI100:
 110:/usr/include/x86_64-linux-gnu/bits/stdio2.h **** {
 1695              		.loc 2 110 1 view .LVU494
 1696              	.LBB101:
 1697              		.loc 2 112 3 view .LVU495
 1698              		.loc 2 112 10 is_stmt 0 view .LVU496
 1699 01b1 488D3500 		leaq	.LC6(%rip), %rsi
 1699      000000
 1700 01b8 BF010000 		movl	$1, %edi
 1700      00
 1701 01bd B8000000 		movl	$0, %eax
 1701      00
 1702              	.LVL186:
 1703              		.loc 2 112 10 view .LVU497
 1704 01c2 E8000000 		call	__printf_chk@PLT
 1704      00
 1705              	.LVL187:
 1706 01c7 E9F0FEFF 		jmp	.L97
 1706      FF
 1707              	.LVL188:
 1708              	.L107:
 1709              		.loc 2 112 10 view .LVU498
 1710              	.LBE101:
 1711              	.LBE100:
 154:kved.c        **** 				first_free_printed = true;
 1712              		.loc 1 154 5 is_stmt 1 view .LVU499
 1713              	.LBB102:
 1714              	.LBI102:
 110:/usr/include/x86_64-linux-gnu/bits/stdio2.h **** {
 1715              		.loc 2 110 1 view .LVU500
 1716              	.LBB103:
 1717              		.loc 2 112 3 view .LVU501
 1718              		.loc 2 112 10 is_stmt 0 view .LVU502
 1719 01cc 488D3500 		leaq	.LC5(%rip), %rsi
 1719      000000
 1720 01d3 BF010000 		movl	$1, %edi
 1720      00
 1721 01d8 B8000000 		movl	$0, %eax
 1721      00
 1722              	.LVL189:
 1723              		.loc 2 112 10 view .LVU503
GAS LISTING /tmp/ccYqyADg.s 			page 57


 1724 01dd E8000000 		call	__printf_chk@PLT
 1724      00
 1725              	.LVL190:
 1726              		.loc 2 112 10 view .LVU504
 1727              	.LBE103:
 1728              	.LBE102:
 155:kved.c        **** 			}
 1729              		.loc 1 155 5 is_stmt 1 view .LVU505
 155:kved.c        **** 			}
 1730              		.loc 1 155 24 is_stmt 0 view .LVU506
 1731 01e2 C644240F 		movb	$1, 15(%rsp)
 1731      01
 1732 01e7 E9D0FEFF 		jmp	.L97
 1732      FF
 1733              	.LVL191:
 1734              	.L98:
 164:kved.c        **** 		}
 1735              		.loc 1 164 4 is_stmt 1 view .LVU507
 1736              	.LBB104:
 1737              	.LBI104:
 110:/usr/include/x86_64-linux-gnu/bits/stdio2.h **** {
 1738              		.loc 2 110 1 view .LVU508
 1739              	.LBB105:
 1740              		.loc 2 112 3 view .LVU509
 1741              		.loc 2 112 10 is_stmt 0 view .LVU510
 1742 01ec 488D3500 		leaq	.LC7(%rip), %rsi
 1742      000000
 1743 01f3 BF010000 		movl	$1, %edi
 1743      00
 1744 01f8 B8000000 		movl	$0, %eax
 1744      00
 1745              	.LVL192:
 1746              		.loc 2 112 10 view .LVU511
 1747 01fd E8000000 		call	__printf_chk@PLT
 1747      00
 1748              	.LVL193:
 1749 0202 E9B5FEFF 		jmp	.L97
 1749      FF
 1750              	.LVL194:
 1751              	.L100:
 1752              		.loc 2 112 10 view .LVU512
 1753              	.LBE105:
 1754              	.LBE104:
 176:kved.c        **** 		}
 1755              		.loc 1 176 4 is_stmt 1 view .LVU513
 176:kved.c        **** 		}
 1756              		.loc 1 176 62 is_stmt 0 view .LVU514
 1757 0207 4C89FA   		movq	%r15, %rdx
 1758 020a 83E20F   		andl	$15, %edx
 1759 020d 488D0500 		leaq	kved_data_type_label(%rip), %rax
 1759      000000
 1760 0214 488B0CD0 		movq	(%rax,%rdx,8), %rcx
 1761              	.LVL195:
 1762              	.LBB106:
 1763              	.LBI106:
 110:/usr/include/x86_64-linux-gnu/bits/stdio2.h **** {
 1764              		.loc 2 110 1 is_stmt 1 view .LVU515
GAS LISTING /tmp/ccYqyADg.s 			page 58


 1765              	.LBB107:
 1766              		.loc 2 112 3 view .LVU516
 1767              		.loc 2 112 10 is_stmt 0 view .LVU517
 1768 0218 4183E00F 		andl	$15, %r8d
 1769              	.LVL196:
 1770              		.loc 2 112 10 view .LVU518
 1771 021c 4489F2   		movl	%r14d, %edx
 1772 021f 488D3500 		leaq	.LC9(%rip), %rsi
 1772      000000
 1773 0226 BF010000 		movl	$1, %edi
 1773      00
 1774 022b B8000000 		movl	$0, %eax
 1774      00
 1775 0230 E8000000 		call	__printf_chk@PLT
 1775      00
 1776              	.LVL197:
 1777 0235 E9BEFEFF 		jmp	.L101
 1777      FF
 1778              	.LVL198:
 1779              	.L102:
 1780              		.loc 2 112 10 view .LVU519
 1781              	.LBE107:
 1782              	.LBE106:
 1783              	.LBE108:
 1784              	.LBE110:
 188:kved.c        **** 			ctrl->stats.num_total_entries,
 1785              		.loc 1 188 2 is_stmt 1 view .LVU520
 1786 023a 410FB74D 		movzwl	10(%r13), %ecx
 1786      0A
 1787 023f 410FB755 		movzwl	12(%r13), %edx
 1787      0C
 1788              	.LVL199:
 1789              	.LBB111:
 1790              	.LBI111:
 110:/usr/include/x86_64-linux-gnu/bits/stdio2.h **** {
 1791              		.loc 2 110 1 view .LVU521
 1792              	.LBB112:
 1793              		.loc 2 112 3 view .LVU522
 1794              		.loc 2 112 10 is_stmt 0 view .LVU523
 1795 0244 450FB74D 		movzwl	6(%r13), %r9d
 1795      06
 1796 0249 450FB745 		movzwl	8(%r13), %r8d
 1796      08
 1797 024e 488D3500 		leaq	.LC10(%rip), %rsi
 1797      000000
 1798 0255 BF010000 		movl	$1, %edi
 1798      00
 1799 025a B8000000 		movl	$0, %eax
 1799      00
 1800 025f E8000000 		call	__printf_chk@PLT
 1800      00
 1801              	.LVL200:
 1802              		.loc 2 112 10 view .LVU524
 1803              	.LBE112:
 1804              	.LBE111:
 193:kved.c        **** #else
 1805              		.loc 1 193 1 view .LVU525
GAS LISTING /tmp/ccYqyADg.s 			page 59


 1806 0264 4883C418 		addq	$24, %rsp
 1807              		.cfi_def_cfa_offset 56
 1808 0268 5B       		popq	%rbx
 1809              		.cfi_def_cfa_offset 48
 1810 0269 5D       		popq	%rbp
 1811              		.cfi_def_cfa_offset 40
 1812 026a 415C     		popq	%r12
 1813              		.cfi_def_cfa_offset 32
 1814              	.LVL201:
 193:kved.c        **** #else
 1815              		.loc 1 193 1 view .LVU526
 1816 026c 415D     		popq	%r13
 1817              		.cfi_def_cfa_offset 24
 1818              	.LVL202:
 193:kved.c        **** #else
 1819              		.loc 1 193 1 view .LVU527
 1820 026e 415E     		popq	%r14
 1821              		.cfi_def_cfa_offset 16
 1822 0270 415F     		popq	%r15
 1823              		.cfi_def_cfa_offset 8
 1824 0272 C3       		ret
 1825              		.cfi_endproc
 1826              	.LFE40:
 1828              		.section	.text.kved_internal_format,"ax",@progbits
 1830              	kved_internal_format:
 1831              	.LFB67:
 669:kved.c        **** 	// erase data and control
 1832              		.loc 1 669 1 is_stmt 1 view -0
 1833              		.cfi_startproc
 1834 0000 4883EC08 		subq	$8, %rsp
 1835              		.cfi_def_cfa_offset 16
 671:kved.c        **** 	kved_flash_sector_erase(KVED_FLASH_SECTOR_B);
 1836              		.loc 1 671 2 view .LVU529
 1837 0004 BF000000 		movl	$0, %edi
 1837      00
 1838 0009 E8000000 		call	kved_flash_sector_erase@PLT
 1838      00
 1839              	.LVL203:
 672:kved.c        **** 	memset(&ctrl,0,sizeof(ctrl));
 1840              		.loc 1 672 2 view .LVU530
 1841 000e BF010000 		movl	$1, %edi
 1841      00
 1842 0013 E8000000 		call	kved_flash_sector_erase@PLT
 1842      00
 1843              	.LVL204:
 673:kved.c        **** 
 1844              		.loc 1 673 2 view .LVU531
 1845              	.LBB113:
 1846              	.LBI113:
 1847              		.file 3 "/usr/include/x86_64-linux-gnu/bits/string_fortified.h"
   1:/usr/include/x86_64-linux-gnu/bits/string_fortified.h **** /* Copyright (C) 2004-2022 Free Software Foundation, Inc.
   2:/usr/include/x86_64-linux-gnu/bits/string_fortified.h ****    This file is part of the GNU C Library.
   3:/usr/include/x86_64-linux-gnu/bits/string_fortified.h **** 
   4:/usr/include/x86_64-linux-gnu/bits/string_fortified.h ****    The GNU C Library is free software; you can redistribute it and/or
   5:/usr/include/x86_64-linux-gnu/bits/string_fortified.h ****    modify it under the terms of the GNU Lesser General Public
   6:/usr/include/x86_64-linux-gnu/bits/string_fortified.h ****    License as published by the Free Software Foundation; either
   7:/usr/include/x86_64-linux-gnu/bits/string_fortified.h ****    version 2.1 of the License, or (at your option) any later version.
GAS LISTING /tmp/ccYqyADg.s 			page 60


   8:/usr/include/x86_64-linux-gnu/bits/string_fortified.h **** 
   9:/usr/include/x86_64-linux-gnu/bits/string_fortified.h ****    The GNU C Library is distributed in the hope that it will be useful,
  10:/usr/include/x86_64-linux-gnu/bits/string_fortified.h ****    but WITHOUT ANY WARRANTY; without even the implied warranty of
  11:/usr/include/x86_64-linux-gnu/bits/string_fortified.h ****    MERCHANTABILITY or FITNESS FOR A PARTICULAR PURPOSE.  See the GNU
  12:/usr/include/x86_64-linux-gnu/bits/string_fortified.h ****    Lesser General Public License for more details.
  13:/usr/include/x86_64-linux-gnu/bits/string_fortified.h **** 
  14:/usr/include/x86_64-linux-gnu/bits/string_fortified.h ****    You should have received a copy of the GNU Lesser General Public
  15:/usr/include/x86_64-linux-gnu/bits/string_fortified.h ****    License along with the GNU C Library; if not, see
  16:/usr/include/x86_64-linux-gnu/bits/string_fortified.h ****    <https://www.gnu.org/licenses/>.  */
  17:/usr/include/x86_64-linux-gnu/bits/string_fortified.h **** 
  18:/usr/include/x86_64-linux-gnu/bits/string_fortified.h **** #ifndef _BITS_STRING_FORTIFIED_H
  19:/usr/include/x86_64-linux-gnu/bits/string_fortified.h **** #define _BITS_STRING_FORTIFIED_H 1
  20:/usr/include/x86_64-linux-gnu/bits/string_fortified.h **** 
  21:/usr/include/x86_64-linux-gnu/bits/string_fortified.h **** #ifndef _STRING_H
  22:/usr/include/x86_64-linux-gnu/bits/string_fortified.h **** # error "Never use <bits/string_fortified.h> directly; include <string.h> instead."
  23:/usr/include/x86_64-linux-gnu/bits/string_fortified.h **** #endif
  24:/usr/include/x86_64-linux-gnu/bits/string_fortified.h **** 
  25:/usr/include/x86_64-linux-gnu/bits/string_fortified.h **** __fortify_function void *
  26:/usr/include/x86_64-linux-gnu/bits/string_fortified.h **** __NTH (memcpy (void *__restrict __dest, const void *__restrict __src,
  27:/usr/include/x86_64-linux-gnu/bits/string_fortified.h **** 	       size_t __len))
  28:/usr/include/x86_64-linux-gnu/bits/string_fortified.h **** {
  29:/usr/include/x86_64-linux-gnu/bits/string_fortified.h ****   return __builtin___memcpy_chk (__dest, __src, __len,
  30:/usr/include/x86_64-linux-gnu/bits/string_fortified.h **** 				 __glibc_objsize0 (__dest));
  31:/usr/include/x86_64-linux-gnu/bits/string_fortified.h **** }
  32:/usr/include/x86_64-linux-gnu/bits/string_fortified.h **** 
  33:/usr/include/x86_64-linux-gnu/bits/string_fortified.h **** __fortify_function void *
  34:/usr/include/x86_64-linux-gnu/bits/string_fortified.h **** __NTH (memmove (void *__dest, const void *__src, size_t __len))
  35:/usr/include/x86_64-linux-gnu/bits/string_fortified.h **** {
  36:/usr/include/x86_64-linux-gnu/bits/string_fortified.h ****   return __builtin___memmove_chk (__dest, __src, __len,
  37:/usr/include/x86_64-linux-gnu/bits/string_fortified.h **** 				  __glibc_objsize0 (__dest));
  38:/usr/include/x86_64-linux-gnu/bits/string_fortified.h **** }
  39:/usr/include/x86_64-linux-gnu/bits/string_fortified.h **** 
  40:/usr/include/x86_64-linux-gnu/bits/string_fortified.h **** #ifdef __USE_GNU
  41:/usr/include/x86_64-linux-gnu/bits/string_fortified.h **** __fortify_function void *
  42:/usr/include/x86_64-linux-gnu/bits/string_fortified.h **** __NTH (mempcpy (void *__restrict __dest, const void *__restrict __src,
  43:/usr/include/x86_64-linux-gnu/bits/string_fortified.h **** 		size_t __len))
  44:/usr/include/x86_64-linux-gnu/bits/string_fortified.h **** {
  45:/usr/include/x86_64-linux-gnu/bits/string_fortified.h ****   return __builtin___mempcpy_chk (__dest, __src, __len,
  46:/usr/include/x86_64-linux-gnu/bits/string_fortified.h **** 				  __glibc_objsize0 (__dest));
  47:/usr/include/x86_64-linux-gnu/bits/string_fortified.h **** }
  48:/usr/include/x86_64-linux-gnu/bits/string_fortified.h **** #endif
  49:/usr/include/x86_64-linux-gnu/bits/string_fortified.h **** 
  50:/usr/include/x86_64-linux-gnu/bits/string_fortified.h **** 
  51:/usr/include/x86_64-linux-gnu/bits/string_fortified.h **** /* The first two tests here help to catch a somewhat common problem
  52:/usr/include/x86_64-linux-gnu/bits/string_fortified.h ****    where the second and third parameter are transposed.  This is
  53:/usr/include/x86_64-linux-gnu/bits/string_fortified.h ****    especially problematic if the intended fill value is zero.  In this
  54:/usr/include/x86_64-linux-gnu/bits/string_fortified.h ****    case no work is done at all.  We detect these problems by referring
  55:/usr/include/x86_64-linux-gnu/bits/string_fortified.h ****    non-existing functions.  */
  56:/usr/include/x86_64-linux-gnu/bits/string_fortified.h **** __fortify_function void *
  57:/usr/include/x86_64-linux-gnu/bits/string_fortified.h **** __NTH (memset (void *__dest, int __ch, size_t __len))
 1848              		.loc 3 57 1 view .LVU532
 1849              	.LBB114:
  58:/usr/include/x86_64-linux-gnu/bits/string_fortified.h **** {
  59:/usr/include/x86_64-linux-gnu/bits/string_fortified.h ****   return __builtin___memset_chk (__dest, __ch, __len,
 1850              		.loc 3 59 3 view .LVU533
 1851              		.loc 3 59 10 is_stmt 0 view .LVU534
 1852 0018 48C70500 		movq	$0, ctrl(%rip)
GAS LISTING /tmp/ccYqyADg.s 			page 61


 1852      00000000 
 1852      000000
 1853 0023 48C70500 		movq	$0, 8+ctrl(%rip)
 1853      00000000 
 1853      000000
 1854 002e C7050000 		movl	$0, 16+ctrl(%rip)
 1854      00000000 
 1854      0000
 1855              	.LVL205:
 1856              		.loc 3 59 10 view .LVU535
 1857              	.LBE114:
 1858              	.LBE113:
 677:kved.c        **** 	kved_flash_data_write(ctrl.sector,1,0);// first cnt, after ID
 1859              		.loc 1 677 2 is_stmt 1 view .LVU536
 678:kved.c        **** 	kved_flash_data_write(ctrl.sector,0,KVED_SIGNATURE_ENTRY);
 1860              		.loc 1 678 2 view .LVU537
 1861 0038 BA000000 		movl	$0, %edx
 1861      00
 1862 003d BE010000 		movl	$1, %esi
 1862      00
 1863 0042 BF000000 		movl	$0, %edi
 1863      00
 1864 0047 E8000000 		call	kved_flash_data_write@PLT
 1864      00
 1865              	.LVL206:
 679:kved.c        **** 
 1866              		.loc 1 679 2 view .LVU538
 1867 004c 48BAEFBE 		movabsq	$-2401053088876216593, %rdx
 1867      ADDEEFBE 
 1867      ADDE
 1868 0056 BE000000 		movl	$0, %esi
 1868      00
 1869 005b 8B3D0000 		movl	16+ctrl(%rip), %edi
 1869      0000
 1870 0061 E8000000 		call	kved_flash_data_write@PLT
 1870      00
 1871              	.LVL207:
 681:kved.c        **** }
 1872              		.loc 1 681 2 view .LVU539
 1873 0066 488D3D00 		leaq	ctrl(%rip), %rdi
 1873      000000
 1874 006d E8000000 		call	kved_sector_stats_read
 1874      00
 1875              	.LVL208:
 682:kved.c        **** 
 1876              		.loc 1 682 1 is_stmt 0 view .LVU540
 1877 0072 4883C408 		addq	$8, %rsp
 1878              		.cfi_def_cfa_offset 8
 1879 0076 C3       		ret
 1880              		.cfi_endproc
 1881              	.LFE67:
 1883              		.section	.text.kved_key_decode,"ax",@progbits
 1884              		.globl	kved_key_decode
 1886              	kved_key_decode:
 1887              	.LVL209:
 1888              	.LFB42:
 234:kved.c        **** 	data->type = KVED_HDR_MASK_TYPE(key);
GAS LISTING /tmp/ccYqyADg.s 			page 62


 1889              		.loc 1 234 1 is_stmt 1 view -0
 1890              		.cfi_startproc
 234:kved.c        **** 	data->type = KVED_HDR_MASK_TYPE(key);
 1891              		.loc 1 234 1 is_stmt 0 view .LVU542
 1892 0000 F30F1EFA 		endbr64
 1893 0004 48897424 		movq	%rsi, -8(%rsp)
 1893      F8
 235:kved.c        **** 
 1894              		.loc 1 235 2 is_stmt 1 view .LVU543
 235:kved.c        **** 
 1895              		.loc 1 235 15 is_stmt 0 view .LVU544
 1896 0009 4889F0   		movq	%rsi, %rax
 1897 000c 48C1E804 		shrq	$4, %rax
 1898 0010 83E00F   		andl	$15, %eax
 235:kved.c        **** 
 1899              		.loc 1 235 13 view .LVU545
 1900 0013 894710   		movl	%eax, 16(%rdi)
 237:kved.c        **** 	pkey += KVED_MAX_KEY_SIZE;
 1901              		.loc 1 237 2 is_stmt 1 view .LVU546
 1902              	.LVL210:
 238:kved.c        **** 
 1903              		.loc 1 238 2 view .LVU547
 240:kved.c        **** 		data->key[p] = *pkey--;
 1904              		.loc 1 240 2 view .LVU548
 1905              	.LBB115:
 240:kved.c        **** 		data->key[p] = *pkey--;
 1906              		.loc 1 240 6 view .LVU549
 240:kved.c        **** 		data->key[p] = *pkey--;
 1907              		.loc 1 240 13 is_stmt 0 view .LVU550
 1908 0016 B8000000 		movl	$0, %eax
 1908      00
 1909              	.LBE115:
 238:kved.c        **** 
 1910              		.loc 1 238 7 view .LVU551
 1911 001b 488D5424 		leaq	-1(%rsp), %rdx
 1911      FF
 1912              	.LVL211:
 1913              	.LBB116:
 240:kved.c        **** 		data->key[p] = *pkey--;
 1914              		.loc 1 240 2 view .LVU552
 1915 0020 EB0F     		jmp	.L111
 1916              	.LVL212:
 1917              	.L112:
 241:kved.c        **** }
 1918              		.loc 1 241 3 is_stmt 1 discriminator 3 view .LVU553
 241:kved.c        **** }
 1919              		.loc 1 241 18 is_stmt 0 discriminator 3 view .LVU554
 1920 0022 0FB60A   		movzbl	(%rdx), %ecx
 241:kved.c        **** }
 1921              		.loc 1 241 16 discriminator 3 view .LVU555
 1922 0025 884C0708 		movb	%cl, 8(%rdi,%rax)
 240:kved.c        **** 		data->key[p] = *pkey--;
 1923              		.loc 1 240 46 is_stmt 1 discriminator 3 view .LVU556
 1924 0029 4883C001 		addq	$1, %rax
 1925              	.LVL213:
 241:kved.c        **** }
 1926              		.loc 1 241 23 is_stmt 0 discriminator 3 view .LVU557
GAS LISTING /tmp/ccYqyADg.s 			page 63


 1927 002d 488D52FF 		leaq	-1(%rdx), %rdx
 1928              	.LVL214:
 1929              	.L111:
 240:kved.c        **** 		data->key[p] = *pkey--;
 1930              		.loc 1 240 23 is_stmt 1 discriminator 1 view .LVU558
 1931 0031 4883F806 		cmpq	$6, %rax
 1932 0035 76EB     		jbe	.L112
 240:kved.c        **** 		data->key[p] = *pkey--;
 1933              		.loc 1 240 23 is_stmt 0 discriminator 1 view .LVU559
 1934              	.LBE116:
 242:kved.c        **** 
 1935              		.loc 1 242 1 view .LVU560
 1936 0037 C3       		ret
 1937              		.cfi_endproc
 1938              	.LFE42:
 1940              		.section	.text.kved_internal_data_read_by_index,"ax",@progbits
 1942              	kved_internal_data_read_by_index:
 1943              	.LVL215:
 1944              	.LFB55:
 509:kved.c        **** 	if((index < ctrl.first_index) || (index > ctrl.last_index))
 1945              		.loc 1 509 1 is_stmt 1 view -0
 1946              		.cfi_startproc
 509:kved.c        **** 	if((index < ctrl.first_index) || (index > ctrl.last_index))
 1947              		.loc 1 509 1 is_stmt 0 view .LVU562
 1948 0000 4155     		pushq	%r13
 1949              		.cfi_def_cfa_offset 16
 1950              		.cfi_offset 13, -16
 1951 0002 4154     		pushq	%r12
 1952              		.cfi_def_cfa_offset 24
 1953              		.cfi_offset 12, -24
 1954 0004 55       		pushq	%rbp
 1955              		.cfi_def_cfa_offset 32
 1956              		.cfi_offset 6, -32
 1957 0005 53       		pushq	%rbx
 1958              		.cfi_def_cfa_offset 40
 1959              		.cfi_offset 3, -40
 1960 0006 4883EC08 		subq	$8, %rsp
 1961              		.cfi_def_cfa_offset 48
 510:kved.c        **** 		return false;
 1962              		.loc 1 510 2 is_stmt 1 view .LVU563
 510:kved.c        **** 		return false;
 1963              		.loc 1 510 4 is_stmt 0 view .LVU564
 1964 000a 66393D00 		cmpw	%di, ctrl(%rip)
 1964      000000
 1965 0011 775D     		ja	.L115
 1966 0013 89FB     		movl	%edi, %ebx
 1967 0015 4989F4   		movq	%rsi, %r12
 510:kved.c        **** 		return false;
 1968              		.loc 1 510 32 discriminator 1 view .LVU565
 1969 0018 66393D00 		cmpw	%di, 4+ctrl(%rip)
 1969      000000
 1970 001f 7307     		jnb	.L118
 511:kved.c        **** 
 1971              		.loc 1 511 10 view .LVU566
 1972 0021 BD000000 		movl	$0, %ebp
 1972      00
 1973 0026 EB4D     		jmp	.L113
GAS LISTING /tmp/ccYqyADg.s 			page 64


 1974              	.L118:
 513:kved.c        **** 
 1975              		.loc 1 513 2 is_stmt 1 view .LVU567
 513:kved.c        **** 
 1976              		.loc 1 513 20 is_stmt 0 view .LVU568
 1977 0028 0FB7F7   		movzwl	%di, %esi
 1978              	.LVL216:
 513:kved.c        **** 
 1979              		.loc 1 513 20 view .LVU569
 1980 002b 8B3D0000 		movl	16+ctrl(%rip), %edi
 1980      0000
 1981              	.LVL217:
 513:kved.c        **** 
 1982              		.loc 1 513 20 view .LVU570
 1983 0031 E8000000 		call	kved_flash_data_read@PLT
 1983      00
 1984              	.LVL218:
 513:kved.c        **** 
 1985              		.loc 1 513 20 view .LVU571
 1986 0036 4989C5   		movq	%rax, %r13
 1987              	.LVL219:
 515:kved.c        **** 		return false;
 1988              		.loc 1 515 2 is_stmt 1 view .LVU572
 515:kved.c        **** 		return false;
 1989              		.loc 1 515 6 is_stmt 0 view .LVU573
 1990 0039 4889C7   		movq	%rax, %rdi
 1991 003c E8000000 		call	kved_is_valid_key
 1991      00
 1992              	.LVL220:
 515:kved.c        **** 		return false;
 1993              		.loc 1 515 6 view .LVU574
 1994 0041 89C5     		movl	%eax, %ebp
 515:kved.c        **** 		return false;
 1995              		.loc 1 515 4 view .LVU575
 1996 0043 84C0     		testb	%al, %al
 1997 0045 742E     		je	.L113
 518:kved.c        **** 	kved_value_decode(data,val);
 1998              		.loc 1 518 2 is_stmt 1 view .LVU576
 518:kved.c        **** 	kved_value_decode(data,val);
 1999              		.loc 1 518 59 is_stmt 0 view .LVU577
 2000 0047 8D7301   		leal	1(%rbx), %esi
 518:kved.c        **** 	kved_value_decode(data,val);
 2001              		.loc 1 518 20 view .LVU578
 2002 004a 0FB7F6   		movzwl	%si, %esi
 2003 004d 8B3D0000 		movl	16+ctrl(%rip), %edi
 2003      0000
 2004 0053 E8000000 		call	kved_flash_data_read@PLT
 2004      00
 2005              	.LVL221:
 2006 0058 4889C6   		movq	%rax, %rsi
 2007              	.LVL222:
 519:kved.c        **** 	kved_key_decode(data,key);
 2008              		.loc 1 519 2 is_stmt 1 view .LVU579
 2009 005b 4C89E7   		movq	%r12, %rdi
 2010 005e E8000000 		call	kved_value_decode
 2010      00
 2011              	.LVL223:
GAS LISTING /tmp/ccYqyADg.s 			page 65


 520:kved.c        **** 
 2012              		.loc 1 520 2 view .LVU580
 2013 0063 4C89EE   		movq	%r13, %rsi
 2014 0066 4C89E7   		movq	%r12, %rdi
 2015 0069 E8000000 		call	kved_key_decode
 2015      00
 2016              	.LVL224:
 522:kved.c        **** }
 2017              		.loc 1 522 2 view .LVU581
 522:kved.c        **** }
 2018              		.loc 1 522 9 is_stmt 0 view .LVU582
 2019 006e EB05     		jmp	.L113
 2020              	.LVL225:
 2021              	.L115:
 511:kved.c        **** 
 2022              		.loc 1 511 10 view .LVU583
 2023 0070 BD000000 		movl	$0, %ebp
 2023      00
 2024              	.LVL226:
 2025              	.L113:
 523:kved.c        **** 
 2026              		.loc 1 523 1 view .LVU584
 2027 0075 89E8     		movl	%ebp, %eax
 2028 0077 4883C408 		addq	$8, %rsp
 2029              		.cfi_def_cfa_offset 40
 2030 007b 5B       		popq	%rbx
 2031              		.cfi_def_cfa_offset 32
 2032 007c 5D       		popq	%rbp
 2033              		.cfi_def_cfa_offset 24
 2034 007d 415C     		popq	%r12
 2035              		.cfi_def_cfa_offset 16
 2036 007f 415D     		popq	%r13
 2037              		.cfi_def_cfa_offset 8
 2038 0081 C3       		ret
 2039              		.cfi_endproc
 2040              	.LFE55:
 2042              		.section	.text.kved_key_encode,"ax",@progbits
 2043              		.globl	kved_key_encode
 2045              	kved_key_encode:
 2046              	.LVL227:
 2047              	.LFB43:
 245:kved.c        **** 	uint8_t *str_key = data->key;
 2048              		.loc 1 245 1 is_stmt 1 view -0
 2049              		.cfi_startproc
 245:kved.c        **** 	uint8_t *str_key = data->key;
 2050              		.loc 1 245 1 is_stmt 0 view .LVU586
 2051 0000 F30F1EFA 		endbr64
 2052 0004 55       		pushq	%rbp
 2053              		.cfi_def_cfa_offset 16
 2054              		.cfi_offset 6, -16
 2055 0005 53       		pushq	%rbx
 2056              		.cfi_def_cfa_offset 24
 2057              		.cfi_offset 3, -24
 2058 0006 4883EC28 		subq	$40, %rsp
 2059              		.cfi_def_cfa_offset 64
 2060 000a 4889FB   		movq	%rdi, %rbx
 245:kved.c        **** 	uint8_t *str_key = data->key;
GAS LISTING /tmp/ccYqyADg.s 			page 66


 2061              		.loc 1 245 1 view .LVU587
 2062 000d 64488B04 		movq	%fs:40, %rax
 2062      25280000 
 2062      00
 2063 0016 48894424 		movq	%rax, 24(%rsp)
 2063      18
 2064 001b 31C0     		xorl	%eax, %eax
 246:kved.c        **** 	uint8_t key[KVED_MAX_KEY_SIZE];
 2065              		.loc 1 246 2 is_stmt 1 view .LVU588
 246:kved.c        **** 	uint8_t key[KVED_MAX_KEY_SIZE];
 2066              		.loc 1 246 11 is_stmt 0 view .LVU589
 2067 001d 488D6F08 		leaq	8(%rdi), %rbp
 2068              	.LVL228:
 247:kved.c        **** 
 2069              		.loc 1 247 2 is_stmt 1 view .LVU590
 249:kved.c        **** 
 2070              		.loc 1 249 2 view .LVU591
 2071              	.LBB117:
 2072              	.LBI117:
  60:/usr/include/x86_64-linux-gnu/bits/string_fortified.h **** 				 __glibc_objsize0 (__dest));
  61:/usr/include/x86_64-linux-gnu/bits/string_fortified.h **** }
  62:/usr/include/x86_64-linux-gnu/bits/string_fortified.h **** 
  63:/usr/include/x86_64-linux-gnu/bits/string_fortified.h **** #ifdef __USE_MISC
  64:/usr/include/x86_64-linux-gnu/bits/string_fortified.h **** # include <bits/strings_fortified.h>
  65:/usr/include/x86_64-linux-gnu/bits/string_fortified.h **** 
  66:/usr/include/x86_64-linux-gnu/bits/string_fortified.h **** void __explicit_bzero_chk (void *__dest, size_t __len, size_t __destlen)
  67:/usr/include/x86_64-linux-gnu/bits/string_fortified.h ****   __THROW __nonnull ((1)) __fortified_attr_access (__write_only__, 1, 2);
  68:/usr/include/x86_64-linux-gnu/bits/string_fortified.h **** 
  69:/usr/include/x86_64-linux-gnu/bits/string_fortified.h **** __fortify_function void
  70:/usr/include/x86_64-linux-gnu/bits/string_fortified.h **** __NTH (explicit_bzero (void *__dest, size_t __len))
  71:/usr/include/x86_64-linux-gnu/bits/string_fortified.h **** {
  72:/usr/include/x86_64-linux-gnu/bits/string_fortified.h ****   __explicit_bzero_chk (__dest, __len, __glibc_objsize0 (__dest));
  73:/usr/include/x86_64-linux-gnu/bits/string_fortified.h **** }
  74:/usr/include/x86_64-linux-gnu/bits/string_fortified.h **** #endif
  75:/usr/include/x86_64-linux-gnu/bits/string_fortified.h **** 
  76:/usr/include/x86_64-linux-gnu/bits/string_fortified.h **** __fortify_function char *
  77:/usr/include/x86_64-linux-gnu/bits/string_fortified.h **** __NTH (strcpy (char *__restrict __dest, const char *__restrict __src))
  78:/usr/include/x86_64-linux-gnu/bits/string_fortified.h **** {
  79:/usr/include/x86_64-linux-gnu/bits/string_fortified.h ****   return __builtin___strcpy_chk (__dest, __src, __glibc_objsize (__dest));
  80:/usr/include/x86_64-linux-gnu/bits/string_fortified.h **** }
  81:/usr/include/x86_64-linux-gnu/bits/string_fortified.h **** 
  82:/usr/include/x86_64-linux-gnu/bits/string_fortified.h **** #ifdef __USE_XOPEN2K8
  83:/usr/include/x86_64-linux-gnu/bits/string_fortified.h **** __fortify_function char *
  84:/usr/include/x86_64-linux-gnu/bits/string_fortified.h **** __NTH (stpcpy (char *__restrict __dest, const char *__restrict __src))
  85:/usr/include/x86_64-linux-gnu/bits/string_fortified.h **** {
  86:/usr/include/x86_64-linux-gnu/bits/string_fortified.h ****   return __builtin___stpcpy_chk (__dest, __src, __glibc_objsize (__dest));
  87:/usr/include/x86_64-linux-gnu/bits/string_fortified.h **** }
  88:/usr/include/x86_64-linux-gnu/bits/string_fortified.h **** #endif
  89:/usr/include/x86_64-linux-gnu/bits/string_fortified.h **** 
  90:/usr/include/x86_64-linux-gnu/bits/string_fortified.h **** 
  91:/usr/include/x86_64-linux-gnu/bits/string_fortified.h **** __fortify_function char *
  92:/usr/include/x86_64-linux-gnu/bits/string_fortified.h **** __NTH (strncpy (char *__restrict __dest, const char *__restrict __src,
 2073              		.loc 3 92 1 view .LVU592
 2074              	.LBB118:
  93:/usr/include/x86_64-linux-gnu/bits/string_fortified.h **** 		size_t __len))
  94:/usr/include/x86_64-linux-gnu/bits/string_fortified.h **** {
  95:/usr/include/x86_64-linux-gnu/bits/string_fortified.h ****   return __builtin___strncpy_chk (__dest, __src, __len,
GAS LISTING /tmp/ccYqyADg.s 			page 67


 2075              		.loc 3 95 3 view .LVU593
 2076              		.loc 3 95 10 is_stmt 0 view .LVU594
 2077 0021 488D7C24 		leaq	17(%rsp), %rdi
 2077      11
 2078              	.LVL229:
 2079              		.loc 3 95 10 view .LVU595
 2080 0026 BA070000 		movl	$7, %edx
 2080      00
 2081 002b 4889EE   		movq	%rbp, %rsi
 2082 002e E8000000 		call	strncpy@PLT
 2082      00
 2083              	.LVL230:
 2084              		.loc 3 95 10 view .LVU596
 2085              	.LBE118:
 2086              	.LBE117:
 251:kved.c        **** 	uint8_t hdr = (data->type << 4) | size;
 2087              		.loc 1 251 2 is_stmt 1 view .LVU597
 251:kved.c        **** 	uint8_t hdr = (data->type << 4) | size;
 2088              		.loc 1 251 21 is_stmt 0 view .LVU598
 2089 0033 8B5B10   		movl	16(%rbx), %ebx
 2090              	.LVL231:
 251:kved.c        **** 	uint8_t hdr = (data->type << 4) | size;
 2091              		.loc 1 251 10 view .LVU599
 2092 0036 83FB07   		cmpl	$7, %ebx
 2093 0039 7427     		je	.L126
 251:kved.c        **** 	uint8_t hdr = (data->type << 4) | size;
 2094              		.loc 1 251 10 discriminator 2 view .LVU600
 2095 003b 89D8     		movl	%ebx, %eax
 2096 003d 488D1500 		leaq	kved_data_type_size(%rip), %rdx
 2096      000000
 2097 0044 0FB60402 		movzbl	(%rdx,%rax), %eax
 2098              	.L121:
 2099              	.LVL232:
 252:kved.c        **** 
 2100              		.loc 1 252 2 is_stmt 1 discriminator 4 view .LVU601
 252:kved.c        **** 
 2101              		.loc 1 252 28 is_stmt 0 discriminator 4 view .LVU602
 2102 0048 C1E304   		sall	$4, %ebx
 252:kved.c        **** 
 2103              		.loc 1 252 10 discriminator 4 view .LVU603
 2104 004b 09C3     		orl	%eax, %ebx
 2105              	.LVL233:
 254:kved.c        **** 	uint8_t *pkey = (uint8_t *) &encoded_key;
 2106              		.loc 1 254 2 is_stmt 1 discriminator 4 view .LVU604
 254:kved.c        **** 	uint8_t *pkey = (uint8_t *) &encoded_key;
 2107              		.loc 1 254 14 is_stmt 0 discriminator 4 view .LVU605
 2108 004d 48C74424 		movq	$0, 8(%rsp)
 2108      08000000 
 2108      00
 255:kved.c        **** 	pkey += KVED_MAX_KEY_SIZE;
 2109              		.loc 1 255 2 is_stmt 1 discriminator 4 view .LVU606
 2110              	.LVL234:
 256:kved.c        **** 
 2111              		.loc 1 256 2 discriminator 4 view .LVU607
 258:kved.c        **** 		*pkey-- = key[p];
 2112              		.loc 1 258 2 discriminator 4 view .LVU608
 2113              	.LBB119:
GAS LISTING /tmp/ccYqyADg.s 			page 68


 258:kved.c        **** 		*pkey-- = key[p];
 2114              		.loc 1 258 6 discriminator 4 view .LVU609
 258:kved.c        **** 		*pkey-- = key[p];
 2115              		.loc 1 258 13 is_stmt 0 discriminator 4 view .LVU610
 2116 0056 BA000000 		movl	$0, %edx
 2116      00
 2117              	.LBE119:
 256:kved.c        **** 
 2118              		.loc 1 256 7 discriminator 4 view .LVU611
 2119 005b 488D4C24 		leaq	15(%rsp), %rcx
 2119      0F
 2120              	.LVL235:
 2121              	.LBB120:
 258:kved.c        **** 		*pkey-- = key[p];
 2122              		.loc 1 258 2 discriminator 4 view .LVU612
 2123 0060 EB1F     		jmp	.L122
 2124              	.LVL236:
 2125              	.L126:
 258:kved.c        **** 		*pkey-- = key[p];
 2126              		.loc 1 258 2 discriminator 4 view .LVU613
 2127              	.LBE120:
 251:kved.c        **** 	uint8_t hdr = (data->type << 4) | size;
 2128              		.loc 1 251 55 discriminator 1 view .LVU614
 2129 0062 BE070000 		movl	$7, %esi
 2129      00
 2130 0067 4889EF   		movq	%rbp, %rdi
 2131 006a E8000000 		call	strnlen@PLT
 2131      00
 2132              	.LVL237:
 2133 006f EBD7     		jmp	.L121
 2134              	.LVL238:
 2135              	.L123:
 2136              	.LBB121:
 259:kved.c        **** 	
 2137              		.loc 1 259 3 is_stmt 1 discriminator 3 view .LVU615
 259:kved.c        **** 	
 2138              		.loc 1 259 16 is_stmt 0 discriminator 3 view .LVU616
 2139 0071 0FB67414 		movzbl	17(%rsp,%rdx), %esi
 2139      11
 259:kved.c        **** 	
 2140              		.loc 1 259 11 discriminator 3 view .LVU617
 2141 0076 408831   		movb	%sil, (%rcx)
 258:kved.c        **** 		*pkey-- = key[p];
 2142              		.loc 1 258 46 is_stmt 1 discriminator 3 view .LVU618
 2143 0079 4883C201 		addq	$1, %rdx
 2144              	.LVL239:
 259:kved.c        **** 	
 2145              		.loc 1 259 8 is_stmt 0 discriminator 3 view .LVU619
 2146 007d 488D49FF 		leaq	-1(%rcx), %rcx
 2147              	.LVL240:
 2148              	.L122:
 258:kved.c        **** 		*pkey-- = key[p];
 2149              		.loc 1 258 23 is_stmt 1 discriminator 1 view .LVU620
 2150 0081 4883FA06 		cmpq	$6, %rdx
 2151 0085 76EA     		jbe	.L123
 258:kved.c        **** 		*pkey-- = key[p];
 2152              		.loc 1 258 23 is_stmt 0 discriminator 1 view .LVU621
GAS LISTING /tmp/ccYqyADg.s 			page 69


 2153              	.LBE121:
 261:kved.c        **** 
 2154              		.loc 1 261 2 is_stmt 1 view .LVU622
 261:kved.c        **** 
 2155              		.loc 1 261 8 is_stmt 0 view .LVU623
 2156 0087 8819     		movb	%bl, (%rcx)
 263:kved.c        **** }
 2157              		.loc 1 263 2 is_stmt 1 view .LVU624
 263:kved.c        **** }
 2158              		.loc 1 263 9 is_stmt 0 view .LVU625
 2159 0089 488B4424 		movq	8(%rsp), %rax
 2159      08
 2160              	.LVL241:
 264:kved.c        **** 
 2161              		.loc 1 264 1 view .LVU626
 2162 008e 488B5424 		movq	24(%rsp), %rdx
 2162      18
 2163 0093 64482B14 		subq	%fs:40, %rdx
 2163      25280000 
 2163      00
 2164              	.LVL242:
 264:kved.c        **** 
 2165              		.loc 1 264 1 view .LVU627
 2166 009c 7507     		jne	.L127
 264:kved.c        **** 
 2167              		.loc 1 264 1 view .LVU628
 2168 009e 4883C428 		addq	$40, %rsp
 2169              		.cfi_remember_state
 2170              		.cfi_def_cfa_offset 24
 2171 00a2 5B       		popq	%rbx
 2172              		.cfi_def_cfa_offset 16
 2173              	.LVL243:
 264:kved.c        **** 
 2174              		.loc 1 264 1 view .LVU629
 2175 00a3 5D       		popq	%rbp
 2176              		.cfi_def_cfa_offset 8
 2177              	.LVL244:
 264:kved.c        **** 
 2178              		.loc 1 264 1 view .LVU630
 2179 00a4 C3       		ret
 2180              	.LVL245:
 2181              	.L127:
 2182              		.cfi_restore_state
 264:kved.c        **** 
 2183              		.loc 1 264 1 view .LVU631
 2184 00a5 E8000000 		call	__stack_chk_fail@PLT
 2184      00
 2185              	.LVL246:
 264:kved.c        **** 
 2186              		.loc 1 264 1 view .LVU632
 2187              		.cfi_endproc
 2188              	.LFE43:
 2190              		.section	.text.kved_internal_data_read,"ax",@progbits
 2192              	kved_internal_data_read:
 2193              	.LVL247:
 2194              	.LFB63:
 596:kved.c        **** 	if(!started)
GAS LISTING /tmp/ccYqyADg.s 			page 70


 2195              		.loc 1 596 1 is_stmt 1 view -0
 2196              		.cfi_startproc
 596:kved.c        **** 	if(!started)
 2197              		.loc 1 596 1 is_stmt 0 view .LVU634
 2198 0000 4154     		pushq	%r12
 2199              		.cfi_def_cfa_offset 16
 2200              		.cfi_offset 12, -16
 2201 0002 55       		pushq	%rbp
 2202              		.cfi_def_cfa_offset 24
 2203              		.cfi_offset 6, -24
 2204 0003 53       		pushq	%rbx
 2205              		.cfi_def_cfa_offset 32
 2206              		.cfi_offset 3, -32
 597:kved.c        **** 		return false;
 2207              		.loc 1 597 2 is_stmt 1 view .LVU635
 597:kved.c        **** 		return false;
 2208              		.loc 1 597 5 is_stmt 0 view .LVU636
 2209 0004 0FB61D00 		movzbl	started(%rip), %ebx
 2209      000000
 597:kved.c        **** 		return false;
 2210              		.loc 1 597 4 view .LVU637
 2211 000b 84DB     		testb	%bl, %bl
 2212 000d 7507     		jne	.L132
 2213              	.LVL248:
 2214              	.L128:
 617:kved.c        **** 
 2215              		.loc 1 617 1 view .LVU638
 2216 000f 89D8     		movl	%ebx, %eax
 2217 0011 5B       		popq	%rbx
 2218              		.cfi_remember_state
 2219              		.cfi_def_cfa_offset 24
 2220 0012 5D       		popq	%rbp
 2221              		.cfi_def_cfa_offset 16
 2222 0013 415C     		popq	%r12
 2223              		.cfi_def_cfa_offset 8
 2224 0015 C3       		ret
 2225              	.LVL249:
 2226              	.L132:
 2227              		.cfi_restore_state
 617:kved.c        **** 
 2228              		.loc 1 617 1 view .LVU639
 2229 0016 4989FC   		movq	%rdi, %r12
 600:kved.c        **** 
 2230              		.loc 1 600 2 is_stmt 1 view .LVU640
 600:kved.c        **** 
 2231              		.loc 1 600 20 is_stmt 0 view .LVU641
 2232 0019 E8000000 		call	kved_key_encode
 2232      00
 2233              	.LVL250:
 600:kved.c        **** 
 2234              		.loc 1 600 20 view .LVU642
 2235 001e 4889C5   		movq	%rax, %rbp
 2236              	.LVL251:
 602:kved.c        **** 		return false;
 2237              		.loc 1 602 2 is_stmt 1 view .LVU643
 602:kved.c        **** 		return false;
 2238              		.loc 1 602 6 is_stmt 0 view .LVU644
GAS LISTING /tmp/ccYqyADg.s 			page 71


 2239 0021 4889C7   		movq	%rax, %rdi
 2240 0024 E8000000 		call	kved_is_valid_key
 2240      00
 2241              	.LVL252:
 602:kved.c        **** 		return false;
 2242              		.loc 1 602 6 view .LVU645
 2243 0029 89C3     		movl	%eax, %ebx
 602:kved.c        **** 		return false;
 2244              		.loc 1 602 4 view .LVU646
 2245 002b 84C0     		testb	%al, %al
 2246 002d 74E0     		je	.L128
 605:kved.c        **** 
 2247              		.loc 1 605 2 is_stmt 1 view .LVU647
 605:kved.c        **** 
 2248              		.loc 1 605 23 is_stmt 0 view .LVU648
 2249 002f 4889EF   		movq	%rbp, %rdi
 2250 0032 E8000000 		call	kved_key_index_find
 2250      00
 2251              	.LVL253:
 2252 0037 89C5     		movl	%eax, %ebp
 2253              	.LVL254:
 607:kved.c        **** 		return false;
 2254              		.loc 1 607 2 is_stmt 1 view .LVU649
 607:kved.c        **** 		return false;
 2255              		.loc 1 607 4 is_stmt 0 view .LVU650
 2256 0039 6685C0   		testw	%ax, %ax
 2257 003c 7507     		jne	.L133
 608:kved.c        **** 
 2258              		.loc 1 608 10 view .LVU651
 2259 003e BB000000 		movl	$0, %ebx
 2259      00
 2260 0043 EBCA     		jmp	.L128
 2261              	.L133:
 611:kved.c        **** 
 2262              		.loc 1 611 2 is_stmt 1 view .LVU652
 611:kved.c        **** 
 2263              		.loc 1 611 15 is_stmt 0 view .LVU653
 2264 0045 0FB7F0   		movzwl	%ax, %esi
 2265 0048 8B3D0000 		movl	16+ctrl(%rip), %edi
 2265      0000
 2266 004e E8000000 		call	kved_flash_data_read@PLT
 2266      00
 2267              	.LVL255:
 611:kved.c        **** 
 2268              		.loc 1 611 15 view .LVU654
 2269 0053 48C1E804 		shrq	$4, %rax
 2270 0057 83E00F   		andl	$15, %eax
 611:kved.c        **** 
 2271              		.loc 1 611 13 view .LVU655
 2272 005a 41894424 		movl	%eax, 16(%r12)
 2272      10
 613:kved.c        **** 	 kved_value_decode(data,value);
 2273              		.loc 1 613 3 is_stmt 1 view .LVU656
 613:kved.c        **** 	 kved_value_decode(data,value);
 2274              		.loc 1 613 65 is_stmt 0 view .LVU657
 2275 005f 8D7501   		leal	1(%rbp), %esi
 613:kved.c        **** 	 kved_value_decode(data,value);
GAS LISTING /tmp/ccYqyADg.s 			page 72


 2276              		.loc 1 613 23 view .LVU658
 2277 0062 0FB7F6   		movzwl	%si, %esi
 2278 0065 8B3D0000 		movl	16+ctrl(%rip), %edi
 2278      0000
 2279 006b E8000000 		call	kved_flash_data_read@PLT
 2279      00
 2280              	.LVL256:
 2281 0070 4889C6   		movq	%rax, %rsi
 2282              	.LVL257:
 614:kved.c        **** 
 2283              		.loc 1 614 3 is_stmt 1 view .LVU659
 2284 0073 4C89E7   		movq	%r12, %rdi
 2285 0076 E8000000 		call	kved_value_decode
 2285      00
 2286              	.LVL258:
 616:kved.c        **** }
 2287              		.loc 1 616 2 view .LVU660
 616:kved.c        **** }
 2288              		.loc 1 616 9 is_stmt 0 view .LVU661
 2289 007b EB92     		jmp	.L128
 2290              		.cfi_endproc
 2291              	.LFE63:
 2293              		.section	.text.kved_first_used_index_get,"ax",@progbits
 2294              		.globl	kved_first_used_index_get
 2296              	kved_first_used_index_get:
 2297              	.LFB52:
 469:kved.c        **** 	uint16_t result;
 2298              		.loc 1 469 1 is_stmt 1 view -0
 2299              		.cfi_startproc
 2300 0000 F30F1EFA 		endbr64
 2301 0004 53       		pushq	%rbx
 2302              		.cfi_def_cfa_offset 16
 2303              		.cfi_offset 3, -16
 470:kved.c        **** 
 2304              		.loc 1 470 2 view .LVU663
 472:kved.c        **** 	result = kved_internal_first_used_index_get();
 2305              		.loc 1 472 2 view .LVU664
 2306 0005 E8000000 		call	kved_cpu_critical_section_enter@PLT
 2306      00
 2307              	.LVL259:
 473:kved.c        **** 	kved_cpu_critical_section_leave();
 2308              		.loc 1 473 2 view .LVU665
 473:kved.c        **** 	kved_cpu_critical_section_leave();
 2309              		.loc 1 473 11 is_stmt 0 view .LVU666
 2310 000a E8000000 		call	kved_internal_first_used_index_get
 2310      00
 2311              	.LVL260:
 2312 000f 89C3     		movl	%eax, %ebx
 2313              	.LVL261:
 474:kved.c        **** 
 2314              		.loc 1 474 2 is_stmt 1 view .LVU667
 2315 0011 E8000000 		call	kved_cpu_critical_section_leave@PLT
 2315      00
 2316              	.LVL262:
 476:kved.c        **** }
 2317              		.loc 1 476 2 view .LVU668
 477:kved.c        **** 
GAS LISTING /tmp/ccYqyADg.s 			page 73


 2318              		.loc 1 477 1 is_stmt 0 view .LVU669
 2319 0016 89D8     		movl	%ebx, %eax
 2320 0018 5B       		popq	%rbx
 2321              		.cfi_def_cfa_offset 8
 2322              	.LVL263:
 477:kved.c        **** 
 2323              		.loc 1 477 1 view .LVU670
 2324 0019 C3       		ret
 2325              		.cfi_endproc
 2326              	.LFE52:
 2328              		.section	.text.kved_next_used_index_get,"ax",@progbits
 2329              		.globl	kved_next_used_index_get
 2331              	kved_next_used_index_get:
 2332              	.LVL264:
 2333              	.LFB54:
 498:kved.c        **** 	uint16_t result;
 2334              		.loc 1 498 1 is_stmt 1 view -0
 2335              		.cfi_startproc
 498:kved.c        **** 	uint16_t result;
 2336              		.loc 1 498 1 is_stmt 0 view .LVU672
 2337 0000 F30F1EFA 		endbr64
 2338 0004 53       		pushq	%rbx
 2339              		.cfi_def_cfa_offset 16
 2340              		.cfi_offset 3, -16
 2341 0005 89FB     		movl	%edi, %ebx
 499:kved.c        **** 
 2342              		.loc 1 499 2 is_stmt 1 view .LVU673
 501:kved.c        **** 	result = kved_internal_next_used_index_get(last_index);
 2343              		.loc 1 501 2 view .LVU674
 2344 0007 E8000000 		call	kved_cpu_critical_section_enter@PLT
 2344      00
 2345              	.LVL265:
 502:kved.c        **** 	kved_cpu_critical_section_leave();
 2346              		.loc 1 502 2 view .LVU675
 502:kved.c        **** 	kved_cpu_critical_section_leave();
 2347              		.loc 1 502 11 is_stmt 0 view .LVU676
 2348 000c 0FB7FB   		movzwl	%bx, %edi
 2349 000f E8000000 		call	kved_internal_next_used_index_get
 2349      00
 2350              	.LVL266:
 2351 0014 89C3     		movl	%eax, %ebx
 2352              	.LVL267:
 503:kved.c        **** 
 2353              		.loc 1 503 2 is_stmt 1 view .LVU677
 2354 0016 E8000000 		call	kved_cpu_critical_section_leave@PLT
 2354      00
 2355              	.LVL268:
 505:kved.c        **** }
 2356              		.loc 1 505 2 view .LVU678
 506:kved.c        **** 
 2357              		.loc 1 506 1 is_stmt 0 view .LVU679
 2358 001b 89D8     		movl	%ebx, %eax
 2359 001d 5B       		popq	%rbx
 2360              		.cfi_def_cfa_offset 8
 2361              	.LVL269:
 506:kved.c        **** 
 2362              		.loc 1 506 1 view .LVU680
GAS LISTING /tmp/ccYqyADg.s 			page 74


 2363 001e C3       		ret
 2364              		.cfi_endproc
 2365              	.LFE54:
 2367              		.section	.text.kved_data_read_by_index,"ax",@progbits
 2368              		.globl	kved_data_read_by_index
 2370              	kved_data_read_by_index:
 2371              	.LVL270:
 2372              	.LFB56:
 526:kved.c        **** 	uint16_t result;
 2373              		.loc 1 526 1 is_stmt 1 view -0
 2374              		.cfi_startproc
 526:kved.c        **** 	uint16_t result;
 2375              		.loc 1 526 1 is_stmt 0 view .LVU682
 2376 0000 F30F1EFA 		endbr64
 2377 0004 55       		pushq	%rbp
 2378              		.cfi_def_cfa_offset 16
 2379              		.cfi_offset 6, -16
 2380 0005 53       		pushq	%rbx
 2381              		.cfi_def_cfa_offset 24
 2382              		.cfi_offset 3, -24
 2383 0006 4883EC08 		subq	$8, %rsp
 2384              		.cfi_def_cfa_offset 32
 2385 000a 89FB     		movl	%edi, %ebx
 2386 000c 4889F5   		movq	%rsi, %rbp
 527:kved.c        **** 
 2387              		.loc 1 527 2 is_stmt 1 view .LVU683
 529:kved.c        **** 	result = kved_internal_data_read_by_index(index,data);
 2388              		.loc 1 529 2 view .LVU684
 2389 000f E8000000 		call	kved_cpu_critical_section_enter@PLT
 2389      00
 2390              	.LVL271:
 530:kved.c        **** 	kved_cpu_critical_section_leave();
 2391              		.loc 1 530 2 view .LVU685
 530:kved.c        **** 	kved_cpu_critical_section_leave();
 2392              		.loc 1 530 11 is_stmt 0 view .LVU686
 2393 0014 0FB7FB   		movzwl	%bx, %edi
 2394 0017 4889EE   		movq	%rbp, %rsi
 2395 001a E8000000 		call	kved_internal_data_read_by_index
 2395      00
 2396              	.LVL272:
 2397 001f 89C3     		movl	%eax, %ebx
 2398              	.LVL273:
 531:kved.c        **** 
 2399              		.loc 1 531 2 is_stmt 1 view .LVU687
 2400 0021 E8000000 		call	kved_cpu_critical_section_leave@PLT
 2400      00
 2401              	.LVL274:
 533:kved.c        **** }
 2402              		.loc 1 533 2 view .LVU688
 534:kved.c        **** 
 2403              		.loc 1 534 1 is_stmt 0 view .LVU689
 2404 0026 89D8     		movl	%ebx, %eax
 2405 0028 4883C408 		addq	$8, %rsp
 2406              		.cfi_def_cfa_offset 24
 2407 002c 5B       		popq	%rbx
 2408              		.cfi_def_cfa_offset 16
 2409              	.LVL275:
GAS LISTING /tmp/ccYqyADg.s 			page 75


 534:kved.c        **** 
 2410              		.loc 1 534 1 view .LVU690
 2411 002d 5D       		popq	%rbp
 2412              		.cfi_def_cfa_offset 8
 2413              	.LVL276:
 534:kved.c        **** 
 2414              		.loc 1 534 1 view .LVU691
 2415 002e C3       		ret
 2416              		.cfi_endproc
 2417              	.LFE56:
 2419              		.section	.text.kved_free_entries_get,"ax",@progbits
 2420              		.globl	kved_free_entries_get
 2422              	kved_free_entries_get:
 2423              	.LFB58:
 547:kved.c        **** 	uint16_t result;
 2424              		.loc 1 547 1 is_stmt 1 view -0
 2425              		.cfi_startproc
 2426 0000 F30F1EFA 		endbr64
 2427 0004 53       		pushq	%rbx
 2428              		.cfi_def_cfa_offset 16
 2429              		.cfi_offset 3, -16
 548:kved.c        **** 
 2430              		.loc 1 548 2 view .LVU693
 550:kved.c        **** 	result = kved_internal_free_entries_get();
 2431              		.loc 1 550 2 view .LVU694
 2432 0005 E8000000 		call	kved_cpu_critical_section_enter@PLT
 2432      00
 2433              	.LVL277:
 551:kved.c        **** 	kved_cpu_critical_section_leave();
 2434              		.loc 1 551 2 view .LVU695
 551:kved.c        **** 	kved_cpu_critical_section_leave();
 2435              		.loc 1 551 11 is_stmt 0 view .LVU696
 2436 000a E8000000 		call	kved_internal_free_entries_get
 2436      00
 2437              	.LVL278:
 2438 000f 89C3     		movl	%eax, %ebx
 2439              	.LVL279:
 552:kved.c        **** 
 2440              		.loc 1 552 2 is_stmt 1 view .LVU697
 2441 0011 E8000000 		call	kved_cpu_critical_section_leave@PLT
 2441      00
 2442              	.LVL280:
 554:kved.c        **** }
 2443              		.loc 1 554 2 view .LVU698
 555:kved.c        **** 
 2444              		.loc 1 555 1 is_stmt 0 view .LVU699
 2445 0016 89D8     		movl	%ebx, %eax
 2446 0018 5B       		popq	%rbx
 2447              		.cfi_def_cfa_offset 8
 2448              	.LVL281:
 555:kved.c        **** 
 2449              		.loc 1 555 1 view .LVU700
 2450 0019 C3       		ret
 2451              		.cfi_endproc
 2452              	.LFE58:
 2454              		.section	.text.kved_total_entries_get,"ax",@progbits
 2455              		.globl	kved_total_entries_get
GAS LISTING /tmp/ccYqyADg.s 			page 76


 2457              	kved_total_entries_get:
 2458              	.LFB60:
 566:kved.c        **** 	uint16_t result;
 2459              		.loc 1 566 1 is_stmt 1 view -0
 2460              		.cfi_startproc
 2461 0000 F30F1EFA 		endbr64
 2462 0004 53       		pushq	%rbx
 2463              		.cfi_def_cfa_offset 16
 2464              		.cfi_offset 3, -16
 567:kved.c        **** 
 2465              		.loc 1 567 2 view .LVU702
 569:kved.c        **** 	result = kved_internal_total_entries_get();
 2466              		.loc 1 569 2 view .LVU703
 2467 0005 E8000000 		call	kved_cpu_critical_section_enter@PLT
 2467      00
 2468              	.LVL282:
 570:kved.c        **** 	kved_cpu_critical_section_leave();
 2469              		.loc 1 570 2 view .LVU704
 570:kved.c        **** 	kved_cpu_critical_section_leave();
 2470              		.loc 1 570 11 is_stmt 0 view .LVU705
 2471 000a E8000000 		call	kved_internal_total_entries_get
 2471      00
 2472              	.LVL283:
 2473 000f 89C3     		movl	%eax, %ebx
 2474              	.LVL284:
 571:kved.c        **** 
 2475              		.loc 1 571 2 is_stmt 1 view .LVU706
 2476 0011 E8000000 		call	kved_cpu_critical_section_leave@PLT
 2476      00
 2477              	.LVL285:
 573:kved.c        **** }
 2478              		.loc 1 573 2 view .LVU707
 574:kved.c        **** 
 2479              		.loc 1 574 1 is_stmt 0 view .LVU708
 2480 0016 89D8     		movl	%ebx, %eax
 2481 0018 5B       		popq	%rbx
 2482              		.cfi_def_cfa_offset 8
 2483              	.LVL286:
 574:kved.c        **** 
 2484              		.loc 1 574 1 view .LVU709
 2485 0019 C3       		ret
 2486              		.cfi_endproc
 2487              	.LFE60:
 2489              		.section	.text.kved_used_entries_get,"ax",@progbits
 2490              		.globl	kved_used_entries_get
 2492              	kved_used_entries_get:
 2493              	.LFB62:
 585:kved.c        **** 	uint16_t result;
 2494              		.loc 1 585 1 is_stmt 1 view -0
 2495              		.cfi_startproc
 2496 0000 F30F1EFA 		endbr64
 2497 0004 53       		pushq	%rbx
 2498              		.cfi_def_cfa_offset 16
 2499              		.cfi_offset 3, -16
 586:kved.c        **** 
 2500              		.loc 1 586 2 view .LVU711
 588:kved.c        **** 	result = kved_internal_used_entries_get();
GAS LISTING /tmp/ccYqyADg.s 			page 77


 2501              		.loc 1 588 2 view .LVU712
 2502 0005 E8000000 		call	kved_cpu_critical_section_enter@PLT
 2502      00
 2503              	.LVL287:
 589:kved.c        **** 	kved_cpu_critical_section_leave();
 2504              		.loc 1 589 2 view .LVU713
 589:kved.c        **** 	kved_cpu_critical_section_leave();
 2505              		.loc 1 589 11 is_stmt 0 view .LVU714
 2506 000a E8000000 		call	kved_internal_used_entries_get
 2506      00
 2507              	.LVL288:
 2508 000f 89C3     		movl	%eax, %ebx
 2509              	.LVL289:
 590:kved.c        **** 
 2510              		.loc 1 590 2 is_stmt 1 view .LVU715
 2511 0011 E8000000 		call	kved_cpu_critical_section_leave@PLT
 2511      00
 2512              	.LVL290:
 592:kved.c        **** }
 2513              		.loc 1 592 2 view .LVU716
 593:kved.c        **** 
 2514              		.loc 1 593 1 is_stmt 0 view .LVU717
 2515 0016 89D8     		movl	%ebx, %eax
 2516 0018 5B       		popq	%rbx
 2517              		.cfi_def_cfa_offset 8
 2518              	.LVL291:
 593:kved.c        **** 
 2519              		.loc 1 593 1 view .LVU718
 2520 0019 C3       		ret
 2521              		.cfi_endproc
 2522              	.LFE62:
 2524              		.section	.text.kved_data_read,"ax",@progbits
 2525              		.globl	kved_data_read
 2527              	kved_data_read:
 2528              	.LVL292:
 2529              	.LFB64:
 620:kved.c        **** 	bool result;
 2530              		.loc 1 620 1 is_stmt 1 view -0
 2531              		.cfi_startproc
 620:kved.c        **** 	bool result;
 2532              		.loc 1 620 1 is_stmt 0 view .LVU720
 2533 0000 F30F1EFA 		endbr64
 2534 0004 53       		pushq	%rbx
 2535              		.cfi_def_cfa_offset 16
 2536              		.cfi_offset 3, -16
 2537 0005 4889FB   		movq	%rdi, %rbx
 621:kved.c        **** 
 2538              		.loc 1 621 2 is_stmt 1 view .LVU721
 623:kved.c        **** 	result = kved_internal_data_read(data);
 2539              		.loc 1 623 2 view .LVU722
 2540 0008 E8000000 		call	kved_cpu_critical_section_enter@PLT
 2540      00
 2541              	.LVL293:
 624:kved.c        **** 	kved_cpu_critical_section_leave();
 2542              		.loc 1 624 2 view .LVU723
 624:kved.c        **** 	kved_cpu_critical_section_leave();
 2543              		.loc 1 624 11 is_stmt 0 view .LVU724
GAS LISTING /tmp/ccYqyADg.s 			page 78


 2544 000d 4889DF   		movq	%rbx, %rdi
 2545 0010 E8000000 		call	kved_internal_data_read
 2545      00
 2546              	.LVL294:
 2547 0015 89C3     		movl	%eax, %ebx
 2548              	.LVL295:
 625:kved.c        **** 
 2549              		.loc 1 625 2 is_stmt 1 view .LVU725
 2550 0017 E8000000 		call	kved_cpu_critical_section_leave@PLT
 2550      00
 2551              	.LVL296:
 627:kved.c        **** }
 2552              		.loc 1 627 2 view .LVU726
 628:kved.c        **** 
 2553              		.loc 1 628 1 is_stmt 0 view .LVU727
 2554 001c 89D8     		movl	%ebx, %eax
 2555 001e 5B       		popq	%rbx
 2556              		.cfi_def_cfa_offset 8
 2557              	.LVL297:
 628:kved.c        **** 
 2558              		.loc 1 628 1 view .LVU728
 2559 001f C3       		ret
 2560              		.cfi_endproc
 2561              	.LFE64:
 2563              		.section	.text.kved_format,"ax",@progbits
 2564              		.globl	kved_format
 2566              	kved_format:
 2567              	.LFB68:
 685:kved.c        **** 	kved_cpu_critical_section_enter();
 2568              		.loc 1 685 1 is_stmt 1 view -0
 2569              		.cfi_startproc
 2570 0000 F30F1EFA 		endbr64
 2571 0004 4883EC08 		subq	$8, %rsp
 2572              		.cfi_def_cfa_offset 16
 686:kved.c        **** 	kved_internal_format();
 2573              		.loc 1 686 2 view .LVU730
 2574 0008 E8000000 		call	kved_cpu_critical_section_enter@PLT
 2574      00
 2575              	.LVL298:
 687:kved.c        **** 	kved_cpu_critical_section_leave();
 2576              		.loc 1 687 2 view .LVU731
 2577 000d E8000000 		call	kved_internal_format
 2577      00
 2578              	.LVL299:
 688:kved.c        **** }
 2579              		.loc 1 688 2 view .LVU732
 2580 0012 E8000000 		call	kved_cpu_critical_section_leave@PLT
 2580      00
 2581              	.LVL300:
 689:kved.c        **** 
 2582              		.loc 1 689 1 is_stmt 0 view .LVU733
 2583 0017 4883C408 		addq	$8, %rsp
 2584              		.cfi_def_cfa_offset 8
 2585 001b C3       		ret
 2586              		.cfi_endproc
 2587              	.LFE68:
 2589              		.section	.text.kved_dump,"ax",@progbits
GAS LISTING /tmp/ccYqyADg.s 			page 79


 2590              		.globl	kved_dump
 2592              	kved_dump:
 2593              	.LFB71:
 793:kved.c        **** 
 794:kved.c        **** void kved_dump(void)
 795:kved.c        **** {
 2594              		.loc 1 795 1 is_stmt 1 view -0
 2595              		.cfi_startproc
 2596 0000 F30F1EFA 		endbr64
 2597 0004 4883EC08 		subq	$8, %rsp
 2598              		.cfi_def_cfa_offset 16
 796:kved.c        **** 	kved_cpu_critical_section_enter();
 2599              		.loc 1 796 2 view .LVU735
 2600 0008 E8000000 		call	kved_cpu_critical_section_enter@PLT
 2600      00
 2601              	.LVL301:
 797:kved.c        **** 	kved_internal_dump(&ctrl);
 2602              		.loc 1 797 2 view .LVU736
 2603 000d 488D3D00 		leaq	ctrl(%rip), %rdi
 2603      000000
 2604 0014 E8000000 		call	kved_internal_dump
 2604      00
 2605              	.LVL302:
 798:kved.c        **** 	kved_cpu_critical_section_leave();
 2606              		.loc 1 798 2 view .LVU737
 2607 0019 E8000000 		call	kved_cpu_critical_section_leave@PLT
 2607      00
 2608              	.LVL303:
 799:kved.c        **** }
 2609              		.loc 1 799 1 is_stmt 0 view .LVU738
 2610 001e 4883C408 		addq	$8, %rsp
 2611              		.cfi_def_cfa_offset 8
 2612 0022 C3       		ret
 2613              		.cfi_endproc
 2614              	.LFE71:
 2616              		.section	.text.kved_internal_data_write,"ax",@progbits
 2618              	kved_internal_data_write:
 2619              	.LVL304:
 2620              	.LFB49:
 369:kved.c        **** 	bool sector_changed = false;
 2621              		.loc 1 369 1 is_stmt 1 view -0
 2622              		.cfi_startproc
 369:kved.c        **** 	bool sector_changed = false;
 2623              		.loc 1 369 1 is_stmt 0 view .LVU740
 2624 0000 4157     		pushq	%r15
 2625              		.cfi_def_cfa_offset 16
 2626              		.cfi_offset 15, -16
 2627 0002 4156     		pushq	%r14
 2628              		.cfi_def_cfa_offset 24
 2629              		.cfi_offset 14, -24
 2630 0004 4155     		pushq	%r13
 2631              		.cfi_def_cfa_offset 32
 2632              		.cfi_offset 13, -32
 2633 0006 4154     		pushq	%r12
 2634              		.cfi_def_cfa_offset 40
 2635              		.cfi_offset 12, -40
 2636 0008 55       		pushq	%rbp
GAS LISTING /tmp/ccYqyADg.s 			page 80


 2637              		.cfi_def_cfa_offset 48
 2638              		.cfi_offset 6, -48
 2639 0009 53       		pushq	%rbx
 2640              		.cfi_def_cfa_offset 56
 2641              		.cfi_offset 3, -56
 2642 000a 4883EC08 		subq	$8, %rsp
 2643              		.cfi_def_cfa_offset 64
 370:kved.c        **** 
 2644              		.loc 1 370 2 is_stmt 1 view .LVU741
 2645              	.LVL305:
 372:kved.c        **** 		return false;
 2646              		.loc 1 372 2 view .LVU742
 372:kved.c        **** 		return false;
 2647              		.loc 1 372 5 is_stmt 0 view .LVU743
 2648 000e 0FB61D00 		movzbl	started(%rip), %ebx
 2648      000000
 372:kved.c        **** 		return false;
 2649              		.loc 1 372 4 view .LVU744
 2650 0015 84DB     		testb	%bl, %bl
 2651 0017 7511     		jne	.L160
 2652              	.LVL306:
 2653              	.L152:
 437:kved.c        **** 
 2654              		.loc 1 437 1 view .LVU745
 2655 0019 89D8     		movl	%ebx, %eax
 2656 001b 4883C408 		addq	$8, %rsp
 2657              		.cfi_remember_state
 2658              		.cfi_def_cfa_offset 56
 2659 001f 5B       		popq	%rbx
 2660              		.cfi_def_cfa_offset 48
 2661 0020 5D       		popq	%rbp
 2662              		.cfi_def_cfa_offset 40
 2663 0021 415C     		popq	%r12
 2664              		.cfi_def_cfa_offset 32
 2665 0023 415D     		popq	%r13
 2666              		.cfi_def_cfa_offset 24
 2667 0025 415E     		popq	%r14
 2668              		.cfi_def_cfa_offset 16
 2669 0027 415F     		popq	%r15
 2670              		.cfi_def_cfa_offset 8
 2671 0029 C3       		ret
 2672              	.LVL307:
 2673              	.L160:
 2674              		.cfi_restore_state
 437:kved.c        **** 
 2675              		.loc 1 437 1 view .LVU746
 2676 002a 4989FD   		movq	%rdi, %r13
 375:kved.c        **** 
 2677              		.loc 1 375 2 is_stmt 1 view .LVU747
 375:kved.c        **** 
 2678              		.loc 1 375 20 is_stmt 0 view .LVU748
 2679 002d E8000000 		call	kved_key_encode
 2679      00
 2680              	.LVL308:
 375:kved.c        **** 
 2681              		.loc 1 375 20 view .LVU749
 2682 0032 4989C6   		movq	%rax, %r14
GAS LISTING /tmp/ccYqyADg.s 			page 81


 2683              	.LVL309:
 377:kved.c        **** 		return false;
 2684              		.loc 1 377 2 is_stmt 1 view .LVU750
 377:kved.c        **** 		return false;
 2685              		.loc 1 377 6 is_stmt 0 view .LVU751
 2686 0035 4889C7   		movq	%rax, %rdi
 2687 0038 E8000000 		call	kved_is_valid_key
 2687      00
 2688              	.LVL310:
 377:kved.c        **** 		return false;
 2689              		.loc 1 377 6 view .LVU752
 2690 003d 89C3     		movl	%eax, %ebx
 377:kved.c        **** 		return false;
 2691              		.loc 1 377 4 view .LVU753
 2692 003f 84C0     		testb	%al, %al
 2693 0041 74D6     		je	.L152
 380:kved.c        **** 	bool old_entry = key_index != KVED_INDEX_NOT_FOUND;
 2694              		.loc 1 380 2 is_stmt 1 view .LVU754
 380:kved.c        **** 	bool old_entry = key_index != KVED_INDEX_NOT_FOUND;
 2695              		.loc 1 380 23 is_stmt 0 view .LVU755
 2696 0043 4C89F7   		movq	%r14, %rdi
 2697 0046 E8000000 		call	kved_key_index_find
 2697      00
 2698              	.LVL311:
 2699 004b 89C5     		movl	%eax, %ebp
 2700              	.LVL312:
 381:kved.c        **** 
 2701              		.loc 1 381 2 is_stmt 1 view .LVU756
 381:kved.c        **** 
 2702              		.loc 1 381 7 is_stmt 0 view .LVU757
 2703 004d 6685C0   		testw	%ax, %ax
 2704 0050 410F95C7 		setne	%r15b
 2705              	.LVL313:
 384:kved.c        **** 	{
 2706              		.loc 1 384 2 is_stmt 1 view .LVU758
 384:kved.c        **** 	{
 2707              		.loc 1 384 4 is_stmt 0 view .LVU759
 2708 0054 753D     		jne	.L161
 2709              	.LVL314:
 2710              	.L154:
 393:kved.c        **** 		return false;
 2711              		.loc 1 393 2 is_stmt 1 view .LVU760
 393:kved.c        **** 		return false;
 2712              		.loc 1 393 4 is_stmt 0 view .LVU761
 2713 0056 0FB70500 		movzwl	10+ctrl(%rip), %eax
 2713      000000
 2714 005d 66390500 		cmpw	%ax, 12+ctrl(%rip)
 2714      000000
 2715 0064 0F843201 		je	.L157
 2715      0000
 400:kved.c        **** 	{
 2716              		.loc 1 400 2 is_stmt 1 view .LVU762
 400:kved.c        **** 	{
 2717              		.loc 1 400 4 is_stmt 0 view .LVU763
 2718 006a 66833D00 		cmpw	$0, 6+ctrl(%rip)
 2718      00000000 
 2719 0072 7445     		je	.L162
GAS LISTING /tmp/ccYqyADg.s 			page 82


 370:kved.c        **** 
 2720              		.loc 1 370 7 view .LVU764
 2721 0074 41BC0000 		movl	$0, %r12d
 2721      0000
 2722              	.LVL315:
 2723              	.L155:
 410:kved.c        **** 
 2724              		.loc 1 410 2 is_stmt 1 view .LVU765
 410:kved.c        **** 
 2725              		.loc 1 410 47 is_stmt 0 view .LVU766
 2726 007a 4183F401 		xorl	$1, %r12d
 2727              	.LVL316:
 410:kved.c        **** 
 2728              		.loc 1 410 64 view .LVU767
 2729 007e 4521FC   		andl	%r15d, %r12d
 2730              	.LVL317:
 412:kved.c        **** 	{
 2731              		.loc 1 412 2 is_stmt 1 view .LVU768
 412:kved.c        **** 	{
 2732              		.loc 1 412 5 is_stmt 0 view .LVU769
 2733 0081 6685ED   		testw	%bp, %bp
 2734 0084 0F94C0   		sete	%al
 412:kved.c        **** 	{
 2735              		.loc 1 412 4 view .LVU770
 2736 0087 4408E0   		orb	%r12b, %al
 2737 008a 7562     		jne	.L163
 2738              	.L156:
 433:kved.c        **** #endif	
 2739              		.loc 1 433 2 is_stmt 1 view .LVU771
 2740 008c E8000000 		call	kved_dump
 2740      00
 2741              	.LVL318:
 436:kved.c        **** }
 2742              		.loc 1 436 2 view .LVU772
 436:kved.c        **** }
 2743              		.loc 1 436 9 is_stmt 0 view .LVU773
 2744 0091 EB86     		jmp	.L152
 2745              	.LVL319:
 2746              	.L161:
 2747              	.LBB122:
 386:kved.c        **** 
 2748              		.loc 1 386 3 is_stmt 1 view .LVU774
 386:kved.c        **** 
 2749              		.loc 1 386 73 is_stmt 0 view .LVU775
 2750 0093 8D7501   		leal	1(%rbp), %esi
 386:kved.c        **** 
 2751              		.loc 1 386 30 view .LVU776
 2752 0096 0FB7F6   		movzwl	%si, %esi
 2753 0099 8B3D0000 		movl	16+ctrl(%rip), %edi
 2753      0000
 2754 009f E8000000 		call	kved_flash_data_read@PLT
 2754      00
 2755              	.LVL320:
 386:kved.c        **** 
 2756              		.loc 1 386 30 view .LVU777
 2757 00a4 4989C4   		movq	%rax, %r12
 2758              	.LVL321:
GAS LISTING /tmp/ccYqyADg.s 			page 83


 388:kved.c        **** 			return true;
 2759              		.loc 1 388 3 is_stmt 1 view .LVU778
 388:kved.c        **** 			return true;
 2760              		.loc 1 388 22 is_stmt 0 view .LVU779
 2761 00a7 4C89EF   		movq	%r13, %rdi
 2762 00aa E8000000 		call	kved_value_encode
 2762      00
 2763              	.LVL322:
 388:kved.c        **** 			return true;
 2764              		.loc 1 388 5 view .LVU780
 2765 00af 4C39E0   		cmpq	%r12, %rax
 2766 00b2 75A2     		jne	.L154
 2767 00b4 E960FFFF 		jmp	.L152
 2767      FF
 2768              	.LVL323:
 2769              	.L162:
 388:kved.c        **** 			return true;
 2770              		.loc 1 388 5 view .LVU781
 2771              	.LBE122:
 2772              	.LBB123:
 402:kved.c        **** 		kved_sector_switch(&ctrl,cnt,key,kved_value_encode(data));
 2773              		.loc 1 402 3 is_stmt 1 view .LVU782
 402:kved.c        **** 		kved_sector_switch(&ctrl,cnt,key,kved_value_encode(data));
 2774              		.loc 1 402 21 is_stmt 0 view .LVU783
 2775 00b9 BE010000 		movl	$1, %esi
 2775      00
 2776 00be 8B3D0000 		movl	16+ctrl(%rip), %edi
 2776      0000
 2777 00c4 E8000000 		call	kved_flash_data_read@PLT
 2777      00
 2778              	.LVL324:
 2779 00c9 4989C4   		movq	%rax, %r12
 2780              	.LVL325:
 403:kved.c        **** 		sector_changed = true;
 2781              		.loc 1 403 3 is_stmt 1 view .LVU784
 2782 00cc 4C89EF   		movq	%r13, %rdi
 2783 00cf E8000000 		call	kved_value_encode
 2783      00
 2784              	.LVL326:
 403:kved.c        **** 		sector_changed = true;
 2785              		.loc 1 403 3 is_stmt 0 view .LVU785
 2786 00d4 4889C1   		movq	%rax, %rcx
 2787 00d7 4C89F2   		movq	%r14, %rdx
 2788 00da 4C89E6   		movq	%r12, %rsi
 2789 00dd 488D3D00 		leaq	ctrl(%rip), %rdi
 2789      000000
 2790 00e4 E8000000 		call	kved_sector_switch
 2790      00
 2791              	.LVL327:
 404:kved.c        **** 	}
 2792              		.loc 1 404 3 is_stmt 1 view .LVU786
 404:kved.c        **** 	}
 2793              		.loc 1 404 18 is_stmt 0 view .LVU787
 2794 00e9 4189DC   		movl	%ebx, %r12d
 2795              	.LVL328:
 404:kved.c        **** 	}
 2796              		.loc 1 404 18 view .LVU788
GAS LISTING /tmp/ccYqyADg.s 			page 84


 2797 00ec EB8C     		jmp	.L155
 2798              	.LVL329:
 2799              	.L163:
 404:kved.c        **** 	}
 2800              		.loc 1 404 18 view .LVU789
 2801              	.LBE123:
 415:kved.c        **** 		kved_flash_data_write(ctrl.sector,ctrl.first_free_index,key);
 2802              		.loc 1 415 3 is_stmt 1 view .LVU790
 2803 00ee 4C89EF   		movq	%r13, %rdi
 2804 00f1 E8000000 		call	kved_value_encode
 2804      00
 2805              	.LVL330:
 2806 00f6 4889C2   		movq	%rax, %rdx
 415:kved.c        **** 		kved_flash_data_write(ctrl.sector,ctrl.first_free_index,key);
 2807              		.loc 1 415 59 is_stmt 0 view .LVU791
 2808 00f9 0FB70500 		movzwl	2+ctrl(%rip), %eax
 2808      000000
 2809 0100 8D7001   		leal	1(%rax), %esi
 415:kved.c        **** 		kved_flash_data_write(ctrl.sector,ctrl.first_free_index,key);
 2810              		.loc 1 415 3 view .LVU792
 2811 0103 0FB7F6   		movzwl	%si, %esi
 2812 0106 8B3D0000 		movl	16+ctrl(%rip), %edi
 2812      0000
 2813 010c E8000000 		call	kved_flash_data_write@PLT
 2813      00
 2814              	.LVL331:
 416:kved.c        **** 
 2815              		.loc 1 416 3 is_stmt 1 view .LVU793
 2816 0111 0FB73500 		movzwl	2+ctrl(%rip), %esi
 2816      000000
 2817 0118 4C89F2   		movq	%r14, %rdx
 2818 011b 8B3D0000 		movl	16+ctrl(%rip), %edi
 2818      0000
 2819 0121 E8000000 		call	kved_flash_data_write@PLT
 2819      00
 2820              	.LVL332:
 418:kved.c        **** 		ctrl.stats.num_used_entries++;
 2821              		.loc 1 418 3 view .LVU794
 418:kved.c        **** 		ctrl.stats.num_used_entries++;
 2822              		.loc 1 418 30 is_stmt 0 view .LVU795
 2823 0126 0FB70500 		movzwl	6+ctrl(%rip), %eax
 2823      000000
 2824 012d 83E801   		subl	$1, %eax
 2825 0130 66890500 		movw	%ax, 6+ctrl(%rip)
 2825      000000
 419:kved.c        **** 		ctrl.first_free_index += KVED_ENTRY_SIZE_IN_WORDS;
 2826              		.loc 1 419 3 is_stmt 1 view .LVU796
 419:kved.c        **** 		ctrl.first_free_index += KVED_ENTRY_SIZE_IN_WORDS;
 2827              		.loc 1 419 30 is_stmt 0 view .LVU797
 2828 0137 0FB70500 		movzwl	10+ctrl(%rip), %eax
 2828      000000
 2829 013e 83C001   		addl	$1, %eax
 2830 0141 66890500 		movw	%ax, 10+ctrl(%rip)
 2830      000000
 420:kved.c        **** 
 2831              		.loc 1 420 3 is_stmt 1 view .LVU798
 420:kved.c        **** 
GAS LISTING /tmp/ccYqyADg.s 			page 85


 2832              		.loc 1 420 25 is_stmt 0 view .LVU799
 2833 0148 0FB70500 		movzwl	2+ctrl(%rip), %eax
 2833      000000
 2834 014f 83C002   		addl	$2, %eax
 2835 0152 66890500 		movw	%ax, 2+ctrl(%rip)
 2835      000000
 423:kved.c        **** 		{
 2836              		.loc 1 423 3 is_stmt 1 view .LVU800
 423:kved.c        **** 		{
 2837              		.loc 1 423 5 is_stmt 0 view .LVU801
 2838 0159 4584E4   		testb	%r12b, %r12b
 2839 015c 0F842AFF 		je	.L156
 2839      FFFF
 425:kved.c        **** 
 2840              		.loc 1 425 4 is_stmt 1 view .LVU802
 2841 0162 0FB7F5   		movzwl	%bp, %esi
 2842 0165 BA000000 		movl	$0, %edx
 2842      00
 2843 016a 8B3D0000 		movl	16+ctrl(%rip), %edi
 2843      0000
 2844 0170 E8000000 		call	kved_flash_data_write@PLT
 2844      00
 2845              	.LVL333:
 427:kved.c        **** 			ctrl.stats.num_used_entries--;
 2846              		.loc 1 427 4 view .LVU803
 427:kved.c        **** 			ctrl.stats.num_used_entries--;
 2847              		.loc 1 427 34 is_stmt 0 view .LVU804
 2848 0175 0FB70500 		movzwl	8+ctrl(%rip), %eax
 2848      000000
 2849 017c 83C001   		addl	$1, %eax
 2850 017f 66890500 		movw	%ax, 8+ctrl(%rip)
 2850      000000
 428:kved.c        **** 		}
 2851              		.loc 1 428 4 is_stmt 1 view .LVU805
 428:kved.c        **** 		}
 2852              		.loc 1 428 31 is_stmt 0 view .LVU806
 2853 0186 0FB70500 		movzwl	10+ctrl(%rip), %eax
 2853      000000
 2854 018d 83E801   		subl	$1, %eax
 2855 0190 66890500 		movw	%ax, 10+ctrl(%rip)
 2855      000000
 2856 0197 E9F0FEFF 		jmp	.L156
 2856      FF
 2857              	.LVL334:
 2858              	.L157:
 394:kved.c        **** 
 2859              		.loc 1 394 10 view .LVU807
 2860 019c BB000000 		movl	$0, %ebx
 2860      00
 2861 01a1 E973FEFF 		jmp	.L152
 2861      FF
 2862              		.cfi_endproc
 2863              	.LFE49:
 2865              		.section	.text.kved_data_write,"ax",@progbits
 2866              		.globl	kved_data_write
 2868              	kved_data_write:
 2869              	.LVL335:
GAS LISTING /tmp/ccYqyADg.s 			page 86


 2870              	.LFB50:
 440:kved.c        **** 	uint16_t result;
 2871              		.loc 1 440 1 is_stmt 1 view -0
 2872              		.cfi_startproc
 440:kved.c        **** 	uint16_t result;
 2873              		.loc 1 440 1 is_stmt 0 view .LVU809
 2874 0000 F30F1EFA 		endbr64
 2875 0004 53       		pushq	%rbx
 2876              		.cfi_def_cfa_offset 16
 2877              		.cfi_offset 3, -16
 2878 0005 4889FB   		movq	%rdi, %rbx
 441:kved.c        **** 
 2879              		.loc 1 441 2 is_stmt 1 view .LVU810
 443:kved.c        **** 	result = kved_internal_data_write(data);
 2880              		.loc 1 443 2 view .LVU811
 2881 0008 E8000000 		call	kved_cpu_critical_section_enter@PLT
 2881      00
 2882              	.LVL336:
 444:kved.c        **** 	kved_cpu_critical_section_leave();
 2883              		.loc 1 444 2 view .LVU812
 444:kved.c        **** 	kved_cpu_critical_section_leave();
 2884              		.loc 1 444 11 is_stmt 0 view .LVU813
 2885 000d 4889DF   		movq	%rbx, %rdi
 2886 0010 E8000000 		call	kved_internal_data_write
 2886      00
 2887              	.LVL337:
 2888 0015 89C3     		movl	%eax, %ebx
 2889              	.LVL338:
 445:kved.c        **** 
 2890              		.loc 1 445 2 is_stmt 1 view .LVU814
 2891 0017 E8000000 		call	kved_cpu_critical_section_leave@PLT
 2891      00
 2892              	.LVL339:
 447:kved.c        **** }
 2893              		.loc 1 447 2 view .LVU815
 448:kved.c        **** 
 2894              		.loc 1 448 1 is_stmt 0 view .LVU816
 2895 001c 89D8     		movl	%ebx, %eax
 2896 001e 5B       		popq	%rbx
 2897              		.cfi_def_cfa_offset 8
 2898              	.LVL340:
 448:kved.c        **** 
 2899              		.loc 1 448 1 view .LVU817
 2900 001f C3       		ret
 2901              		.cfi_endproc
 2902              	.LFE50:
 2904              		.section	.text.kved_internal_data_delete,"ax",@progbits
 2906              	kved_internal_data_delete:
 2907              	.LVL341:
 2908              	.LFB65:
 631:kved.c        **** 	if(!started)
 2909              		.loc 1 631 1 is_stmt 1 view -0
 2910              		.cfi_startproc
 631:kved.c        **** 	if(!started)
 2911              		.loc 1 631 1 is_stmt 0 view .LVU819
 2912 0000 55       		pushq	%rbp
 2913              		.cfi_def_cfa_offset 16
GAS LISTING /tmp/ccYqyADg.s 			page 87


 2914              		.cfi_offset 6, -16
 2915 0001 53       		pushq	%rbx
 2916              		.cfi_def_cfa_offset 24
 2917              		.cfi_offset 3, -24
 2918 0002 4883EC08 		subq	$8, %rsp
 2919              		.cfi_def_cfa_offset 32
 632:kved.c        **** 		return false;
 2920              		.loc 1 632 2 is_stmt 1 view .LVU820
 632:kved.c        **** 		return false;
 2921              		.loc 1 632 5 is_stmt 0 view .LVU821
 2922 0006 0FB61D00 		movzbl	started(%rip), %ebx
 2922      000000
 632:kved.c        **** 		return false;
 2923              		.loc 1 632 4 view .LVU822
 2924 000d 84DB     		testb	%bl, %bl
 2925 000f 7509     		jne	.L170
 2926              	.LVL342:
 2927              	.L166:
 655:kved.c        **** 
 2928              		.loc 1 655 1 view .LVU823
 2929 0011 89D8     		movl	%ebx, %eax
 2930 0013 4883C408 		addq	$8, %rsp
 2931              		.cfi_remember_state
 2932              		.cfi_def_cfa_offset 24
 2933 0017 5B       		popq	%rbx
 2934              		.cfi_def_cfa_offset 16
 2935 0018 5D       		popq	%rbp
 2936              		.cfi_def_cfa_offset 8
 2937 0019 C3       		ret
 2938              	.LVL343:
 2939              	.L170:
 2940              		.cfi_restore_state
 635:kved.c        **** 
 2941              		.loc 1 635 2 is_stmt 1 view .LVU824
 635:kved.c        **** 
 2942              		.loc 1 635 20 is_stmt 0 view .LVU825
 2943 001a E8000000 		call	kved_key_encode
 2943      00
 2944              	.LVL344:
 635:kved.c        **** 
 2945              		.loc 1 635 20 view .LVU826
 2946 001f 4889C5   		movq	%rax, %rbp
 2947              	.LVL345:
 637:kved.c        **** 		return false;
 2948              		.loc 1 637 2 is_stmt 1 view .LVU827
 637:kved.c        **** 		return false;
 2949              		.loc 1 637 6 is_stmt 0 view .LVU828
 2950 0022 4889C7   		movq	%rax, %rdi
 2951 0025 E8000000 		call	kved_is_valid_key
 2951      00
 2952              	.LVL346:
 637:kved.c        **** 		return false;
 2953              		.loc 1 637 6 view .LVU829
 2954 002a 89C3     		movl	%eax, %ebx
 637:kved.c        **** 		return false;
 2955              		.loc 1 637 4 view .LVU830
 2956 002c 84C0     		testb	%al, %al
GAS LISTING /tmp/ccYqyADg.s 			page 88


 2957 002e 74E1     		je	.L166
 640:kved.c        **** 
 2958              		.loc 1 640 2 is_stmt 1 view .LVU831
 640:kved.c        **** 
 2959              		.loc 1 640 23 is_stmt 0 view .LVU832
 2960 0030 4889EF   		movq	%rbp, %rdi
 2961 0033 E8000000 		call	kved_key_index_find
 2961      00
 2962              	.LVL347:
 642:kved.c        **** 		return false;
 2963              		.loc 1 642 2 is_stmt 1 view .LVU833
 642:kved.c        **** 		return false;
 2964              		.loc 1 642 4 is_stmt 0 view .LVU834
 2965 0038 6685C0   		testw	%ax, %ax
 2966 003b 7507     		jne	.L171
 643:kved.c        **** 
 2967              		.loc 1 643 10 view .LVU835
 2968 003d BB000000 		movl	$0, %ebx
 2968      00
 2969 0042 EBCD     		jmp	.L166
 2970              	.L171:
 645:kved.c        **** 
 2971              		.loc 1 645 2 is_stmt 1 view .LVU836
 2972 0044 0FB7F0   		movzwl	%ax, %esi
 2973 0047 BA000000 		movl	$0, %edx
 2973      00
 2974 004c 8B3D0000 		movl	16+ctrl(%rip), %edi
 2974      0000
 2975 0052 E8000000 		call	kved_flash_data_write@PLT
 2975      00
 2976              	.LVL348:
 647:kved.c        **** 	ctrl.stats.num_used_entries--;
 2977              		.loc 1 647 2 view .LVU837
 647:kved.c        **** 	ctrl.stats.num_used_entries--;
 2978              		.loc 1 647 32 is_stmt 0 view .LVU838
 2979 0057 0FB70500 		movzwl	8+ctrl(%rip), %eax
 2979      000000
 2980 005e 83C001   		addl	$1, %eax
 2981 0061 66890500 		movw	%ax, 8+ctrl(%rip)
 2981      000000
 648:kved.c        **** 
 2982              		.loc 1 648 2 is_stmt 1 view .LVU839
 648:kved.c        **** 
 2983              		.loc 1 648 29 is_stmt 0 view .LVU840
 2984 0068 0FB70500 		movzwl	10+ctrl(%rip), %eax
 2984      000000
 2985 006f 83E801   		subl	$1, %eax
 2986 0072 66890500 		movw	%ax, 10+ctrl(%rip)
 2986      000000
 651:kved.c        **** #endif	
 2987              		.loc 1 651 2 is_stmt 1 view .LVU841
 2988 0079 E8000000 		call	kved_dump
 2988      00
 2989              	.LVL349:
 654:kved.c        **** }
 2990              		.loc 1 654 2 view .LVU842
 654:kved.c        **** }
GAS LISTING /tmp/ccYqyADg.s 			page 89


 2991              		.loc 1 654 9 is_stmt 0 view .LVU843
 2992 007e EB91     		jmp	.L166
 2993              		.cfi_endproc
 2994              	.LFE65:
 2996              		.section	.text.kved_data_delete,"ax",@progbits
 2997              		.globl	kved_data_delete
 2999              	kved_data_delete:
 3000              	.LVL350:
 3001              	.LFB66:
 658:kved.c        **** 	bool result;
 3002              		.loc 1 658 1 is_stmt 1 view -0
 3003              		.cfi_startproc
 658:kved.c        **** 	bool result;
 3004              		.loc 1 658 1 is_stmt 0 view .LVU845
 3005 0000 F30F1EFA 		endbr64
 3006 0004 53       		pushq	%rbx
 3007              		.cfi_def_cfa_offset 16
 3008              		.cfi_offset 3, -16
 3009 0005 4889FB   		movq	%rdi, %rbx
 659:kved.c        **** 
 3010              		.loc 1 659 2 is_stmt 1 view .LVU846
 661:kved.c        **** 	result = kved_internal_data_delete(data);
 3011              		.loc 1 661 2 view .LVU847
 3012 0008 E8000000 		call	kved_cpu_critical_section_enter@PLT
 3012      00
 3013              	.LVL351:
 662:kved.c        **** 	kved_cpu_critical_section_leave();
 3014              		.loc 1 662 2 view .LVU848
 662:kved.c        **** 	kved_cpu_critical_section_leave();
 3015              		.loc 1 662 11 is_stmt 0 view .LVU849
 3016 000d 4889DF   		movq	%rbx, %rdi
 3017 0010 E8000000 		call	kved_internal_data_delete
 3017      00
 3018              	.LVL352:
 3019 0015 89C3     		movl	%eax, %ebx
 3020              	.LVL353:
 663:kved.c        **** 
 3021              		.loc 1 663 2 is_stmt 1 view .LVU850
 3022 0017 E8000000 		call	kved_cpu_critical_section_leave@PLT
 3022      00
 3023              	.LVL354:
 665:kved.c        **** }
 3024              		.loc 1 665 2 view .LVU851
 666:kved.c        **** 
 3025              		.loc 1 666 1 is_stmt 0 view .LVU852
 3026 001c 89D8     		movl	%ebx, %eax
 3027 001e 5B       		popq	%rbx
 3028              		.cfi_def_cfa_offset 8
 3029              	.LVL355:
 666:kved.c        **** 
 3030              		.loc 1 666 1 view .LVU853
 3031 001f C3       		ret
 3032              		.cfi_endproc
 3033              	.LFE66:
 3035              		.section	.text.kved_init,"ax",@progbits
 3036              		.globl	kved_init
 3038              	kved_init:
GAS LISTING /tmp/ccYqyADg.s 			page 90


 3039              	.LFB72:
 800:kved.c        **** 
 801:kved.c        **** void kved_init(void)
 802:kved.c        **** {
 3040              		.loc 1 802 1 is_stmt 1 view -0
 3041              		.cfi_startproc
 3042 0000 F30F1EFA 		endbr64
 3043 0004 53       		pushq	%rbx
 3044              		.cfi_def_cfa_offset 16
 3045              		.cfi_offset 3, -16
 803:kved.c        **** 	kved_flash_init();
 3046              		.loc 1 803 2 view .LVU855
 3047 0005 E8000000 		call	kved_flash_init@PLT
 3047      00
 3048              	.LVL356:
 804:kved.c        **** 
 805:kved.c        **** 	kved_sector_consistency_check();
 3049              		.loc 1 805 2 view .LVU856
 3050 000a E8000000 		call	kved_sector_consistency_check
 3050      00
 3051              	.LVL357:
 806:kved.c        **** 
 807:kved.c        **** 	kved_word_t id_sec_a = kved_flash_data_read(KVED_FLASH_SECTOR_A,0);
 3052              		.loc 1 807 2 view .LVU857
 3053              		.loc 1 807 25 is_stmt 0 view .LVU858
 3054 000f BE000000 		movl	$0, %esi
 3054      00
 3055 0014 BF000000 		movl	$0, %edi
 3055      00
 3056 0019 E8000000 		call	kved_flash_data_read@PLT
 3056      00
 3057              	.LVL358:
 3058 001e 4889C3   		movq	%rax, %rbx
 3059              	.LVL359:
 808:kved.c        **** 	kved_word_t id_sec_b = kved_flash_data_read(KVED_FLASH_SECTOR_B,0);
 3060              		.loc 1 808 2 is_stmt 1 view .LVU859
 3061              		.loc 1 808 25 is_stmt 0 view .LVU860
 3062 0021 BE000000 		movl	$0, %esi
 3062      00
 3063 0026 BF010000 		movl	$1, %edi
 3063      00
 3064 002b E8000000 		call	kved_flash_data_read@PLT
 3064      00
 3065              	.LVL360:
 809:kved.c        **** 
 810:kved.c        **** 	if(id_sec_a == KVED_SIGNATURE_ENTRY)
 3066              		.loc 1 810 2 is_stmt 1 view .LVU861
 3067              		.loc 1 810 4 is_stmt 0 view .LVU862
 3068 0030 48BAEFBE 		movabsq	$-2401053088876216593, %rdx
 3068      ADDEEFBE 
 3068      ADDE
 3069 003a 4839D3   		cmpq	%rdx, %rbx
 3070 003d 741B     		je	.L179
 811:kved.c        **** 	{
 812:kved.c        **** 		ctrl.sector = KVED_FLASH_SECTOR_A;
 813:kved.c        **** 	}
 814:kved.c        **** 	else if(id_sec_b == KVED_SIGNATURE_ENTRY)
GAS LISTING /tmp/ccYqyADg.s 			page 91


 3071              		.loc 1 814 7 is_stmt 1 view .LVU863
 3072              		.loc 1 814 9 is_stmt 0 view .LVU864
 3073 003f 48BAEFBE 		movabsq	$-2401053088876216593, %rdx
 3073      ADDEEFBE 
 3073      ADDE
 3074 0049 4839D0   		cmpq	%rdx, %rax
 3075 004c 7535     		jne	.L177
 815:kved.c        **** 	{
 816:kved.c        **** 		ctrl.sector = KVED_FLASH_SECTOR_B;
 3076              		.loc 1 816 3 is_stmt 1 view .LVU865
 3077              		.loc 1 816 15 is_stmt 0 view .LVU866
 3078 004e C7050000 		movl	$1, 16+ctrl(%rip)
 3078      00000100 
 3078      0000
 3079 0058 EB0A     		jmp	.L176
 3080              	.L179:
 812:kved.c        **** 	}
 3081              		.loc 1 812 3 is_stmt 1 view .LVU867
 812:kved.c        **** 	}
 3082              		.loc 1 812 15 is_stmt 0 view .LVU868
 3083 005a C7050000 		movl	$0, 16+ctrl(%rip)
 3083      00000000 
 3083      0000
 3084              	.LVL361:
 3085              	.L176:
 817:kved.c        **** 	}
 818:kved.c        **** 	else
 819:kved.c        **** 	{
 820:kved.c        **** 		ctrl.sector  = KVED_FLASH_SECTOR_A;
 821:kved.c        **** 		kved_flash_sector_erase(ctrl.sector);
 822:kved.c        **** 		kved_flash_data_write(ctrl.sector,1,0);// first cnt, after ID
 823:kved.c        **** 		kved_flash_data_write(ctrl.sector,0,KVED_SIGNATURE_ENTRY);
 824:kved.c        **** 	}
 825:kved.c        **** 
 826:kved.c        **** 	kved_sector_stats_read(&ctrl);
 3086              		.loc 1 826 2 is_stmt 1 view .LVU869
 3087 0064 488D3D00 		leaq	ctrl(%rip), %rdi
 3087      000000
 3088 006b E8000000 		call	kved_sector_stats_read
 3088      00
 3089              	.LVL362:
 827:kved.c        **** 
 828:kved.c        **** 	kved_data_consistency_check();
 3090              		.loc 1 828 2 view .LVU870
 3091 0070 E8000000 		call	kved_data_consistency_check
 3091      00
 3092              	.LVL363:
 829:kved.c        **** 
 830:kved.c        **** 	started = true;
 3093              		.loc 1 830 2 view .LVU871
 3094              		.loc 1 830 10 is_stmt 0 view .LVU872
 3095 0075 C6050000 		movb	$1, started(%rip)
 3095      000001
 831:kved.c        **** 
 832:kved.c        **** #ifdef KVED_DEBUG
 833:kved.c        **** 	kved_dump();
 3096              		.loc 1 833 2 is_stmt 1 view .LVU873
GAS LISTING /tmp/ccYqyADg.s 			page 92


 3097 007c E8000000 		call	kved_dump
 3097      00
 3098              	.LVL364:
 834:kved.c        **** #endif	
 835:kved.c        **** }
 3099              		.loc 1 835 1 is_stmt 0 view .LVU874
 3100 0081 5B       		popq	%rbx
 3101              		.cfi_remember_state
 3102              		.cfi_def_cfa_offset 8
 3103              	.LVL365:
 3104              		.loc 1 835 1 view .LVU875
 3105 0082 C3       		ret
 3106              	.LVL366:
 3107              	.L177:
 3108              		.cfi_restore_state
 820:kved.c        **** 		kved_flash_sector_erase(ctrl.sector);
 3109              		.loc 1 820 3 is_stmt 1 view .LVU876
 820:kved.c        **** 		kved_flash_sector_erase(ctrl.sector);
 3110              		.loc 1 820 16 is_stmt 0 view .LVU877
 3111 0083 C7050000 		movl	$0, 16+ctrl(%rip)
 3111      00000000 
 3111      0000
 821:kved.c        **** 		kved_flash_data_write(ctrl.sector,1,0);// first cnt, after ID
 3112              		.loc 1 821 3 is_stmt 1 view .LVU878
 3113 008d BF000000 		movl	$0, %edi
 3113      00
 3114 0092 E8000000 		call	kved_flash_sector_erase@PLT
 3114      00
 3115              	.LVL367:
 822:kved.c        **** 		kved_flash_data_write(ctrl.sector,0,KVED_SIGNATURE_ENTRY);
 3116              		.loc 1 822 3 view .LVU879
 3117 0097 BA000000 		movl	$0, %edx
 3117      00
 3118 009c BE010000 		movl	$1, %esi
 3118      00
 3119 00a1 8B3D0000 		movl	16+ctrl(%rip), %edi
 3119      0000
 3120 00a7 E8000000 		call	kved_flash_data_write@PLT
 3120      00
 3121              	.LVL368:
 823:kved.c        **** 	}
 3122              		.loc 1 823 3 view .LVU880
 3123 00ac 48BAEFBE 		movabsq	$-2401053088876216593, %rdx
 3123      ADDEEFBE 
 3123      ADDE
 3124 00b6 BE000000 		movl	$0, %esi
 3124      00
 3125 00bb 8B3D0000 		movl	16+ctrl(%rip), %edi
 3125      0000
 3126 00c1 E8000000 		call	kved_flash_data_write@PLT
 3126      00
 3127              	.LVL369:
 3128 00c6 EB9C     		jmp	.L176
 3129              		.cfi_endproc
 3130              	.LFE72:
 3132              		.globl	kved_data_type_label
 3133              		.section	.rodata.str1.1,"aMS",@progbits,1
GAS LISTING /tmp/ccYqyADg.s 			page 93


 3134              	.LC11:
 3135 0000 553800   		.string	"U8"
 3136              	.LC12:
 3137 0003 493800   		.string	"I8"
 3138              	.LC13:
 3139 0006 55313600 		.string	"U16"
 3140              	.LC14:
 3141 000a 49313600 		.string	"I16"
 3142              	.LC15:
 3143 000e 55333200 		.string	"U32"
 3144              	.LC16:
 3145 0012 49333200 		.string	"I32"
 3146              	.LC17:
 3147 0016 464C5400 		.string	"FLT"
 3148              	.LC18:
 3149 001a 53545200 		.string	"STR"
 3150              	.LC19:
 3151 001e 55363400 		.string	"U64"
 3152              	.LC20:
 3153 0022 49363400 		.string	"I64"
 3154              	.LC21:
 3155 0026 44424C00 		.string	"DBL"
 3156              		.section	.data.rel.local.kved_data_type_label,"aw"
 3157              		.align 32
 3160              	kved_data_type_label:
 3161 0000 00000000 		.quad	.LC11
 3161      00000000 
 3162 0008 00000000 		.quad	.LC12
 3162      00000000 
 3163 0010 00000000 		.quad	.LC13
 3163      00000000 
 3164 0018 00000000 		.quad	.LC14
 3164      00000000 
 3165 0020 00000000 		.quad	.LC15
 3165      00000000 
 3166 0028 00000000 		.quad	.LC16
 3166      00000000 
 3167 0030 00000000 		.quad	.LC17
 3167      00000000 
 3168 0038 00000000 		.quad	.LC18
 3168      00000000 
 3169 0040 00000000 		.quad	.LC19
 3169      00000000 
 3170 0048 00000000 		.quad	.LC20
 3170      00000000 
 3171 0050 00000000 		.quad	.LC21
 3171      00000000 
 3172              		.section	.bss.started,"aw",@nobits
 3175              	started:
 3176 0000 00       		.zero	1
 3177              		.section	.bss.ctrl,"aw",@nobits
 3178              		.align 16
 3181              	ctrl:
 3182 0000 00000000 		.zero	20
 3182      00000000 
 3182      00000000 
 3182      00000000 
GAS LISTING /tmp/ccYqyADg.s 			page 94


 3182      00000000 
 3183              		.globl	kved_data_type_size
 3184              		.section	.rodata.kved_data_type_size,"a"
 3185              		.align 8
 3188              	kved_data_type_size:
 3189 0000 01010202 		.ascii	"\001\001\002\002\002\002\004\b\b\b\b"
 3189      02020408 
 3189      080808
 3190              		.text
 3191              	.Letext0:
 3192              		.file 4 "/usr/include/x86_64-linux-gnu/bits/types.h"
 3193              		.file 5 "/usr/include/x86_64-linux-gnu/bits/stdint-intn.h"
 3194              		.file 6 "/usr/include/x86_64-linux-gnu/bits/stdint-uintn.h"
 3195              		.file 7 "/usr/lib/gcc/x86_64-linux-gnu/11/include/stddef.h"
 3196              		.file 8 "kved.h"
 3197              		.file 9 "kved_flash.h"
 3198              		.file 10 "/usr/include/ctype.h"
 3199              		.file 11 "kved_cpu.h"
 3200              		.file 12 "/usr/include/string.h"
 3201              		.file 13 "<built-in>"
 11558              		.section	.note.gnu.property,"a"
 11559              		.align 8
 11560 0000 04000000 		.long	1f - 0f
 11561 0004 10000000 		.long	4f - 1f
 11562 0008 05000000 		.long	5
 11563              	0:
 11564 000c 474E5500 		.string	"GNU"
 11565              	1:
 11566              		.align 8
 11567 0010 020000C0 		.long	0xc0000002
 11568 0014 04000000 		.long	3f - 2f
 11569              	2:
 11570 0018 03000000 		.long	0x3
 11571              	3:
 11572 001c 00000000 		.align 8
 11573              	4:
GAS LISTING /tmp/ccYqyADg.s 			page 95


DEFINED SYMBOLS
                            *ABS*:0000000000000000 kved.c
     /tmp/ccYqyADg.s:7      .text.nv_sector_stats_erase:0000000000000000 nv_sector_stats_erase
     /tmp/ccYqyADg.s:32     .text.kved_is_valid_key:0000000000000000 kved_is_valid_key
     /tmp/ccYqyADg.s:73     .text.kved_value_encode:0000000000000000 kved_value_encode
     /tmp/ccYqyADg.s:88     .text.kved_value_decode:0000000000000000 kved_value_decode
     /tmp/ccYqyADg.s:103    .text.kved_internal_free_entries_get:0000000000000000 kved_internal_free_entries_get
     /tmp/ccYqyADg.s:3175   .bss.started:0000000000000000 started
     /tmp/ccYqyADg.s:3181   .bss.ctrl:0000000000000000 ctrl
     /tmp/ccYqyADg.s:132    .text.kved_internal_total_entries_get:0000000000000000 kved_internal_total_entries_get
     /tmp/ccYqyADg.s:156    .text.kved_internal_used_entries_get:0000000000000000 kved_internal_used_entries_get
     /tmp/ccYqyADg.s:180    .text.kved_key_index_find:0000000000000000 kved_key_index_find
     /tmp/ccYqyADg.s:256    .text.kved_internal_first_used_index_get:0000000000000000 kved_internal_first_used_index_get
     /tmp/ccYqyADg.s:318    .text.kved_internal_next_used_index_get:0000000000000000 kved_internal_next_used_index_get
     /tmp/ccYqyADg.s:382    .text.kved_sector_consistency_check:0000000000000000 kved_sector_consistency_check
     /tmp/ccYqyADg.s:549    .text.kved_data_consistency_check:0000000000000000 kved_data_consistency_check
     /tmp/ccYqyADg.s:728    .text.kved_sector_switch:0000000000000000 kved_sector_switch
     /tmp/ccYqyADg.s:998    .text.kved_sector_stats_read:0000000000000000 kved_sector_stats_read
     /tmp/ccYqyADg.s:1129   .text.kved_print:0000000000000000 kved_print
     /tmp/ccYqyADg.s:1209   .text.kved_print_ascii:0000000000000000 kved_print_ascii
     /tmp/ccYqyADg.s:1374   .text.kved_internal_dump:0000000000000000 kved_internal_dump
     /tmp/ccYqyADg.s:3160   .data.rel.local.kved_data_type_label:0000000000000000 kved_data_type_label
     /tmp/ccYqyADg.s:1830   .text.kved_internal_format:0000000000000000 kved_internal_format
     /tmp/ccYqyADg.s:1886   .text.kved_key_decode:0000000000000000 kved_key_decode
     /tmp/ccYqyADg.s:1942   .text.kved_internal_data_read_by_index:0000000000000000 kved_internal_data_read_by_index
     /tmp/ccYqyADg.s:2045   .text.kved_key_encode:0000000000000000 kved_key_encode
     /tmp/ccYqyADg.s:3188   .rodata.kved_data_type_size:0000000000000000 kved_data_type_size
     /tmp/ccYqyADg.s:2192   .text.kved_internal_data_read:0000000000000000 kved_internal_data_read
     /tmp/ccYqyADg.s:2296   .text.kved_first_used_index_get:0000000000000000 kved_first_used_index_get
     /tmp/ccYqyADg.s:2331   .text.kved_next_used_index_get:0000000000000000 kved_next_used_index_get
     /tmp/ccYqyADg.s:2370   .text.kved_data_read_by_index:0000000000000000 kved_data_read_by_index
     /tmp/ccYqyADg.s:2422   .text.kved_free_entries_get:0000000000000000 kved_free_entries_get
     /tmp/ccYqyADg.s:2457   .text.kved_total_entries_get:0000000000000000 kved_total_entries_get
     /tmp/ccYqyADg.s:2492   .text.kved_used_entries_get:0000000000000000 kved_used_entries_get
     /tmp/ccYqyADg.s:2527   .text.kved_data_read:0000000000000000 kved_data_read
     /tmp/ccYqyADg.s:2566   .text.kved_format:0000000000000000 kved_format
     /tmp/ccYqyADg.s:2592   .text.kved_dump:0000000000000000 kved_dump
     /tmp/ccYqyADg.s:2618   .text.kved_internal_data_write:0000000000000000 kved_internal_data_write
     /tmp/ccYqyADg.s:2868   .text.kved_data_write:0000000000000000 kved_data_write
     /tmp/ccYqyADg.s:2906   .text.kved_internal_data_delete:0000000000000000 kved_internal_data_delete
     /tmp/ccYqyADg.s:2999   .text.kved_data_delete:0000000000000000 kved_data_delete
     /tmp/ccYqyADg.s:3038   .text.kved_init:0000000000000000 kved_init
     /tmp/ccYqyADg.s:1125   .rodata.kved_print.str1.1:0000000000000000 .LC0
     /tmp/ccYqyADg.s:1349   .rodata.kved_internal_dump.str1.8:0000000000000000 .LC1
     /tmp/ccYqyADg.s:1352   .rodata.kved_internal_dump.str1.1:0000000000000000 .LC2
     /tmp/ccYqyADg.s:1354   .rodata.kved_internal_dump.str1.1:0000000000000011 .LC3
     /tmp/ccYqyADg.s:1356   .rodata.kved_internal_dump.str1.1:0000000000000013 .LC4
     /tmp/ccYqyADg.s:1364   .rodata.kved_internal_dump.str1.1:000000000000002b .LC8
     /tmp/ccYqyADg.s:1360   .rodata.kved_internal_dump.str1.1:000000000000001f .LC6
     /tmp/ccYqyADg.s:1358   .rodata.kved_internal_dump.str1.1:0000000000000019 .LC5
     /tmp/ccYqyADg.s:1362   .rodata.kved_internal_dump.str1.1:0000000000000025 .LC7
     /tmp/ccYqyADg.s:1366   .rodata.kved_internal_dump.str1.1:0000000000000038 .LC9
     /tmp/ccYqyADg.s:1370   .rodata.kved_internal_dump.str1.8:0000000000000030 .LC10

UNDEFINED SYMBOLS
kved_flash_data_read
kved_flash_data_write
GAS LISTING /tmp/ccYqyADg.s 			page 96


kved_flash_sector_erase
kved_flash_sector_size
__printf_chk
putchar
__ctype_b_loc
puts
strncpy
strnlen
__stack_chk_fail
kved_cpu_critical_section_enter
kved_cpu_critical_section_leave
kved_flash_init
